id	code	year	hci	product_value_share_hci	product_share_hci	ppi	est	grossoutput	inv_tot	valueadded	workers	y_n	avg_size	lab_sh	y_sh	hci_share_use_tot_0	hci_share_make_tot_0	lf_hci_link_use_0	lf_hci_link_make_0
2101	"2101"	1967	0	0	0	1.3538	115	1415202	2031	996454.4	37360	26.671691	324.86957	4.906126	25.73997	.0867675	.2645155	.1830074	1.616844
2101	"2101"	1968	0	0	0	1.4925	91	1422848	1363	1035377	38302	27.031928	420.9011	4.428801	21.2828	.0867675	.2645155	.1830074	1.616844
2101	"2101"	1969	0	0	0	1.7135	99	1312693	6024	891625.3	34866	25.572917	352.18182	3.696447	15.30446	.0867675	.2645155	.1830074	1.616844
2101	"2101"	1970	0	0	0	1.779	127	1568409	3108	1152052	33700	34.18551	265.35433	3.441226	17.15113	.0867675	.2645155	.1830074	1.616844
2101	"2101"	1971	0	0	0	2.05	123	1643902	2439	1189512	39943	29.780242	324.73984	4.160344	14.79655	.0867675	.2645155	.1830074	1.616844
2101	"2101"	1972	0	0	0	2.376	115	1556103	3338	1081566	39041	27.70333	339.48696	3.494618	11.84381	.0867675	.2645155	.1830074	1.616844
2102	"2102"	1967	0	0	0	3.0967	0	0	0	0	0	0	0	0	0	.0867675	.2645155	.1830074	1.616844
2102	"2102"	1968	0	0	0	3.2771	2	0	0	0	0	0	0	0	0	.0867675	.2645155	.1830074	1.616844
2102	"2102"	1969	0	0	0	4.5307	0	0	0	0	0	0	0	0	0	.0867675	.2645155	.1830074	1.616844
2102	"2102"	1970	0	0	0	5.6576	0	0	0	0	0	0	0	0	0	.0867675	.2645155	.1830074	1.616844
2102	"2102"	1971	0	0	0	7.4881	1	0	0	0	14	0	14	.0014582	0	.0867675	.2645155	.1830074	1.616844
2102	"2102"	1972	0	0	0	7.4668	1	40.17785	0	26.78524	0		0	0	.0002933	.0867675	.2645155	.1830074	1.616844
2109	"2109"	1967	0	0	0	1.3538	42	26296.35	124	20091.59	1441	13.942813	34.309524	.1892325	.5189973	.0867675	.2645155	.1830074	1.616844
2109	"2109"	1968	0	0	0	1.4925	47	30954.77	29	24120.6	1475	16.352952	31.382979	.170552	.4958137	.0867675	.2645155	.1830074	1.616844
2109	"2109"	1969	0	0	0	1.7135	75	60110.88	189	41552.38	2835	14.656923	37.8	.3005629	.7132331	.0867675	.2645155	.1830074	1.616844
2109	"2109"	1970	0	0	0	1.779	0	0	0	0	0	0	0	0	0	.0867675	.2645155	.1830074	1.616844
2109	"2109"	1971	0	0	0	2.05	0	0	0	0	0	0	0	0	0	.0867675	.2645155	.1830074	1.616844
2109	"2109"	1972	0	0	0	2.376	0	0	0	0	0	0	0	0	0	.0867675	.2645155	.1830074	1.616844
2301	"2301"	1967	0	0	0	3.0967	13	45435.46	216	35780.02	2691	13.296182	207	.3533829	.9242539	.1775268	.2966482	.3258087	2.228449
2301	"2301"	1968	0	0	0	3.2771	11	78575.57	435	64752.37	3461	18.709151	314.63636	.4001901	1.331024	.1775268	.2966482	.3258087	2.228449
2301	"2301"	1969	0	0	0	4.5307	14	52729.16	720	42796.92	2997	14.279919	214.07143	.317738	.7345952	.1775268	.2966482	.3258087	2.228449
2301	"2301"	1970	0	0	0	5.6576	12	42367.79	84	33158.94	2928	11.324774	244	.2989885	.4936525	.1775268	.2966482	.3258087	2.228449
2301	"2301"	1971	0	0	0	7.4881	8	25881.06	77	21968.19	1846	11.900428	230.75	.1922738	.2732661	.1775268	.2966482	.3258087	2.228449
2301	"2301"	1972	0	0	0	7.4668	12	25365.62	37	20236.25	1687	11.995403	140.58333	.1510059	.2215994	.1775268	.2966482	.3258087	2.228449
2302	"2302"	1967	0	.0000919	.0769231	3.0967	115	143733.7	907	78373.75	9536	8.2187242	82.921739	1.25227	2.024517	.1327596	.3769511	.2553754	.7451158
2302	"2302"	1968	0	.0000919	.0769231	3.2771	125	164718.8	547	96335.17	11310	8.5176987	90.48	1.307758	1.980228	.1327596	.3769511	.2553754	.7451158
2302	"2302"	1969	0	.0000919	.0769231	4.5307	100	167391.3	1047	122585.9	9961	12.306587	99.61	1.056052	2.104147	.1327596	.3769511	.2553754	.7451158
2302	"2302"	1970	0	.0000919	.0769231	5.6576	91	196903.3	1379	150275.7	9381	16.01916	103.08791	.9579272	2.237225	.1327596	.3769511	.2553754	.7451158
2302	"2302"	1971	0	.0000919	.0769231	7.4881	68	129258.4	1082	81329.04	7607	10.691342	111.86765	.7923224	1.011666	.1327596	.3769511	.2553754	.7451158
2302	"2302"	1972	0	.0000919	.0769231	7.4668	60	120948.7	1603	83087.8	9774	8.5009003	162.9	.8748853	.9098626	.1327596	.3769511	.2553754	.7451158
2901	"2901"	1967	0	.0490969	.0875	2.00005	220	123696.9	340	85247.87	7477	11.401346	33.986364	.9818817	2.202086	.0815132	1.102827	.1625141	2.168823
2901	"2901"	1968	0	.0490969	.0875	2.1273	233	174305.5	294	123583.9	9147	13.510865	39.257511	1.057654	2.540342	.0815132	1.102827	.1625141	2.168823
2901	"2901"	1969	0	.0490969	.0875	2.9284	321	181464.3	928	110196.7	11801	9.3379114	36.76324	1.251126	1.89149	.0815132	1.102827	.1625141	2.168823
2901	"2901"	1970	0	.0490969	.0875	3.64995	413	241318.4	1097	140632.1	15995	8.7922515	38.728814	1.633306	2.093655	.0815132	1.102827	.1625141	2.168823
2901	"2901"	1971	0	.0490969	.0875	4.8309	320	192904	248	143223.8	11781	12.157187	36.815625	1.227074	1.781586	.0815132	1.102827	.1625141	2.168823
2901	"2901"	1972	0	.0490969	.0875	4.81715	278	157811.2	354	113054.4	6588	17.160655	23.697842	.5897017	1.238015	.0815132	1.102827	.1625141	2.168823
2904	"2904"	1967	0	0	0	.9034	1149	215629.8	872	167699.8	13546	12.380024	11.789382	1.778865	4.331948	.0215298	.1959773	.0683725	.3679909
2904	"2904"	1968	0	0	0	.9775	1090	159693.1	40	120920.7	15283	7.9121058	14.021101	1.76715	2.485599	.0215298	.1959773	.0683725	.3679909
2904	"2904"	1969	0	0	0	1.3261	1043	180604.8	881	138979	13196	10.531901	12.651965	1.399022	2.385529	.0215298	.1959773	.0683725	.3679909
2904	"2904"	1970	0	0	0	1.6423	1059	183523.1	49	149181	14605	10.21438	13.791313	1.491368	2.220927	.0215298	.1959773	.0683725	.3679909
2904	"2904"	1971	0	0	0	2.1737	1031	184892.1	119	161889.9	12667	12.780442	12.28613	1.319357	2.013776	.0215298	.1959773	.0683725	.3679909
2904	"2904"	1972	0	0	0	2.1675	1053	244429.1	65	191833.9	4859	39.480121	4.6144349	.4349363	2.1007	.0215298	.1959773	.0683725	.3679909
3111	"3111"	1967	0	0	0	8.9922	1664	198939.1	264	57105.05	15767	3.621808	9.4753606	2.070527	1.475113	.0144025	.0014178	.1170149	.0772501
3111	"3111"	1968	0	0	0	10.96503	1679	139835.4	187	42361.93	16417	2.5803698	9.777844	1.898272	.8707752	.0144025	.0014178	.1170149	.0772501
3111	"3111"	1969	0	0	0	10.98283	1359	200476.5	1080	57416.88	14386	3.9911636	10.585725	1.525185	.9855421	.0144025	.0014178	.1170149	.0772501
3111	"3111"	1970	0	0	0	11.5151	1308	360622.1	1572	108900.5	16811	6.4779301	12.852446	1.716631	1.621252	.0144025	.0014178	.1170149	.0772501
3111	"3111"	1971	0	0	0	12.94487	1254	448610.2	2163	92345.48	16340	5.6514983	13.030303	1.701926	1.148701	.0144025	.0014178	.1170149	.0772501
3111	"3111"	1972	0	0	0	13.14663	1063	774745.9	3513	210350.4	19161	10.978051	18.0254	1.71513	2.303467	.0144025	.0014178	.1170149	.0772501
31111	"31111"	1967	0	0	0	10.5566	16	42409.49	26	13328.16	817	16.313532	51.0625	.1072887	.3442871	.0357293	.0048395	.1931419	.0110618
31111	"31111"	1968	0	0	0	11.5626	17	16959.85	72	3779.427	1194	3.165349	70.235294	.1380604	.0776884	.0357293	.0048395	.1931419	.0110618
31111	"31111"	1969	0	0	0	11.7801	21	22003.21	333	4473.646	1475	3.0329805	70.238095	.1563776	.0767887	.0357293	.0048395	.1931419	.0110618
31111	"31111"	1970	0	0	0	12.7156	31	30678.85	236	5308.44	962	5.5181289	31.032258	.0982332	.0790292	.0357293	.0048395	.1931419	.0110618
31111	"31111"	1971	0	0	0	13.3218	35	46660.36	127	12813.58	1361	9.4148299	38.885714	.1417577	.1593904	.0357293	.0048395	.1931419	.0110618
31111	"31111"	1972	0	0	0	14.2554	53	60699.81	202	24285.53	1734	14.005499	32.716981	.1552129	.2659416	.0357293	.0048395	.1931419	.0110618
3113	"3113"	1967	0	.0007663	.0512821	9.151424	551	161832.7	1677	52855.16	30942	1.7082011	56.15608	4.063312	1.365331	.1037549	.0325022	.3255497	.0852257
3113	"3113"	1968	0	.0007663	.0512821	9.483974	670	189171.7	1380	71626.09	33697	2.1255925	50.29403	3.896332	1.472318	.1037549	.0325022	.3255497	.0852257
3113	"3113"	1969	0	.0007663	.0512821	10.08645	710	234185.5	2248	83577.48	30504	2.7398858	42.96338	3.233994	1.43458	.1037549	.0325022	.3255497	.0852257
3113	"3113"	1970	0	.0007663	.0512821	10.9943	200	212046.2	1528	81715.07	27386	2.9838265	136.93	2.796482	1.21653	.1037549	.0325022	.3255497	.0852257
3113	"3113"	1971	0	.0007663	.0512821	11.2138	181	342988.1	2842	125907.4	32163	3.9146647	177.69613	3.350002	1.566183	.1037549	.0325022	.3255497	.0852257
3113	"3113"	1972	0	.0007663	.0512821	11.62352	265	397659.1	4623	146487.4	54637	2.6811027	206.17736	4.890639	1.604127	.1037549	.0325022	.3255497	.0852257
3114	"3114"	1967	0	0	0	3.9015	426	94553.38	393	29962.83	8517	3.5180034	19.992958	1.118455	.7739869	.0156092	0	.1794698	.001909
3114	"3114"	1968	0	0	0	4.6085	555	70630.36	111	29011.61	9298	3.1201989	16.753153	1.075113	.5963513	.0156092	0	.1794698	.001909
3114	"3114"	1969	0	0	0	4.6975	563	151037.8	618	47386.91	8133	5.8264977	14.445826	.8622499	.8133808	.0156092	0	.1794698	.001909
3114	"3114"	1970	0	0	0	5.6205	531	169878.1	217	52468.64	10786	4.8645133	20.312618	1.101397	.781125	.0156092	0	.1794698	.001909
3114	"3114"	1971	0	0	0	5.8906	538	122873.7	107	50011.88	10107	4.948242	18.786245	1.052715	.6221064	.0156092	0	.1794698	.001909
3114	"3114"	1972	0	0	0	5.6218	547	208047.2	737	66757.98	9831	6.7905583	17.972578	.8799875	.731041	.0156092	0	.1794698	.001909
3115	"3115"	1967	0	0	0	6.4934	123	24178.4	73	7931.13	1830	4.3339508	14.878049	.2403161	.2048735	.0448629	.0893658	.16597	.1773867
3115	"3115"	1968	0	0	0	6.4225	112	30112.88	20	9155.313	1959	4.6734626	17.491071	.2265161	.188193	.0448629	.0893658	.16597	.1773867
3115	"3115"	1969	0	0	0	8.1606	103	24409.97	178	7021.543	1890	3.715102	18.349515	.2003753	.1205225	.0448629	.0893658	.16597	.1773867
3115	"3115"	1970	0	0	0	9.0571	127	48326.73	784	14651.49	2532	5.7865278	19.937008	.2585515	.2181235	.0448629	.0893658	.16597	.1773867
3115	"3115"	1971	0	0	0	10.1363	130	66108.93	2061	14334.62	2388	6.0027718	18.369231	.2487269	.1783108	.0448629	.0893658	.16597	.1773867
3115	"3115"	1972	0	0	0	11.0076	110	76665.21	306	18214.69	2861	6.3665461	26.009091	.2560924	.1994621	.0448629	.0893658	.16597	.1773867
3117	"3117"	1967	0	.0135152	.0666667	7.63575	330	73522.58	215	25969.94	9061	2.8661235	27.457576	1.189893	.6708443	.0371683	9.92e-06	.1818663	.0185337
3117	"3117"	1968	0	.0135152	.0666667	7.4953	369	129374.4	630	41359.25	13122	3.1519016	35.560976	1.517277	.8501646	.0371683	9.92e-06	.1818663	.0185337
3117	"3117"	1969	0	.0135152	.0666667	7.57935	559	194739.7	907	71048.31	15013	4.7324525	26.856887	1.591658	1.219521	.0371683	9.92e-06	.1818663	.0185337
3117	"3117"	1970	0	.0135152	.0666667	7.76925	716	468861.2	1530	138983.8	25713	5.4051964	35.912011	2.625646	2.069117	.0371683	9.92e-06	.1818663	.0185337
3117	"3117"	1971	0	.0135152	.0666667	8.09945	739	657378	2763	208038.8	23233	8.9544533	31.43843	2.41988	2.587831	.0371683	9.92e-06	.1818663	.0185337
3117	"3117"	1972	0	.0135152	.0666667	8.4415	990	805342.7	3826	253841.2	32572	7.7932319	32.90101	2.915568	2.779717	.0371683	9.92e-06	.1818663	.0185337
3118	"3118"	1967	0	.0034167	.0903541	5.86845	900	372636.7	1145	132811.9	18567	7.1531156	20.63	2.438224	3.430739	.0271439	.0000115	.1595699	.0362258
3118	"3118"	1968	0	.0034167	.0903541	6.1754	877	537017.9	3048	202157	22069	9.1602226	25.164196	2.551805	4.155459	.0271439	.0000115	.1595699	.0362258
3118	"3118"	1969	0	.0034167	.0903541	6.49885	876	675150.2	2671	216438.3	24205	8.9418838	27.631279	2.566182	3.715093	.0271439	.0000115	.1595699	.0362258
3118	"3118"	1970	0	.0034167	.0903541	8.9536	589	432920.8	3102	179972.3	15459	11.641911	26.24618	1.578573	2.679331	.0271439	.0000115	.1595699	.0362258
3118	"3118"	1971	0	.0034167	.0903541	9.523933	594	476588.8	3324	208558.8	14210	14.676903	23.922559	1.480071	2.594299	.0271439	.0000115	.1595699	.0362258
3118	"3118"	1972	0	.0034167	.0903541	10.57453	537	517006.3	4482	216312.1	12837	16.850677	23.905028	1.149059	2.368751	.0271439	.0000115	.1595699	.0362258
31223	"31223"	1967	0	0	0	9.1887	37	11133.24	17	2807.797	1044	2.6894604	28.216216	.1370984	.0725298	.0139119	0	.0936722	.2753049
31223	"31223"	1968	0	0	0	12.35835	36	6958.858	42	2516.517	725	3.4710582	20.138889	.0838306	.0517285	.0139119	0	.0936722	.2753049
31223	"31223"	1969	0	0	0	12.4328	34	5509.62	10	-345.8593	969	-.35692397	28.5	.1027321	-.0059366	.0139119	0	.0936722	.2753049
31223	"31223"	1970	0	0	0	12.57135	84	22201.27	22	7580.729	2070	3.662188	24.642857	.211375	.1128578	.0139119	0	.0936722	.2753049
31223	"31223"	1971	0	0	0	12.69965	92	20701.36	29	8307.316	2130	3.9001482	23.152174	.2218544	.1033361	.0139119	0	.0936722	.2753049
31223	"31223"	1972	0	0	0	14.55195	73	15874.16	37	6061.044	1580	3.8361035	21.643836	.1414282	.0663722	.0139119	0	.0936722	.2753049
3123	"3123"	1967	0	.0017863	.0769231	5.506	20	16745.37	7	8245.55	430	19.175698	21.5	.0564677	.2129955	.0183924	0	.1587711	.0202362
3123	"3123"	1968	0	.0017863	.0769231	5.3273	31	44544.14	83	11150.11	669	16.666836	21.580645	.0773554	.2291974	.0183924	0	.1587711	.0202362
3123	"3123"	1969	0	.0017863	.0769231	5.3365	40	63693.43	140	5546.706	2394	2.31692	59.85	.2538087	.0952074	.0183924	0	.1587711	.0202362
3123	"3123"	1970	0	.0017863	.0769231	5.7329	48	229011.5	386	40817.04	2044	19.969196	42.583333	.2087201	.6076622	.0183924	0	.1587711	.0202362
3123	"3123"	1971	0	.0017863	.0769231	6.4464	51	317944.9	136	77112.81	2052	37.57934	40.235294	.2137302	.9592194	.0183924	0	.1587711	.0202362
3123	"3123"	1972	0	.0017863	.0769231	6.9281	84	433076.9	1065	80267.32	3279	24.479206	39.035714	.2935082	.8789766	.0183924	0	.1587711	.0202362
3131	"3131"	1967	0	.0006444	.2105263	6.901267	164	199064.9	413	70204.5	6500	10.800693	39.634146	.8535818	1.813492	.0224885	.0014435	.1093272	.1962608
3131	"3131"	1968	0	.0006444	.2105263	8.4235	165	219991.7	219	99103.7	7283	13.607538	44.139394	.8421221	2.037137	.0224885	.0014435	.1093272	.1962608
3131	"3131"	1969	0	.0006444	.2105263	8.653367	142	249394.3	396	110396.3	6749	16.357436	47.528169	.7155201	1.894917	.0224885	.0014435	.1093272	.1962608
3131	"3131"	1970	0	.0006444	.2105263	8.809767	137	303810.5	627	132761.7	7417	17.899655	54.138686	.7573762	1.976486	.0224885	.0014435	.1093272	.1962608
3131	"3131"	1971	0	.0006444	.2105263	9.119866	91	278545.7	226	113598.2	7275	15.614867	79.945055	.7577422	1.413067	.0224885	.0014435	.1093272	.1962608
3131	"3131"	1972	0	.0006444	.2105263	9.983334	89	327836.4	482	157292.1	5693	27.629044	63.966292	.5095889	1.722446	.0224885	.0014435	.1093272	.1962608
3132	"3132"	1967	0	0	0	7.9105	1522	226382.7	327	121180.7	14320	8.46234	9.4086728	1.880506	3.130287	.0209318	0	.1149149	.2473828
3132	"3132"	1968	0	0	0	9.9731	1561	249731.8	170	149301.6	15520	9.6199501	9.9423447	1.794554	3.068986	.0209318	0	.1149149	.2473828
3132	"3132"	1969	0	0	0	10.1243	1561	320901.2	915	203036.3	15870	12.793715	10.16656	1.682516	3.485051	.0209318	0	.1149149	.2473828
3132	"3132"	1970	0	0	0	10.418	1539	206440.8	599	112449.6	15540	7.2361393	10.097466	1.586845	1.67409	.0209318	0	.1149149	.2473828
3132	"3132"	1971	0	0	0	10.6849	1443	274087.7	665	156229.8	14059	11.112442	9.7428967	1.464343	1.94337	.0209318	0	.1149149	.2473828
3132	"3132"	1972	0	0	0	12.0975	1319	348989.5	842	175011.4	14008	12.493673	10.620167	1.253877	1.916482	.0209318	0	.1149149	.2473828
31330	"31330"	1967	0	0	0	9.1887	39	11133.24	17	2807.797	1044	2.6894604	26.769231	.1370984	.0725298	.0139119	0	.0936722	.2753049
31330	"31330"	1968	0	0	0	12.35835	38	6958.858	42	2516.517	725	3.4710582	19.078947	.0838306	.0517285	.0139119	0	.0936722	.2753049
31330	"31330"	1969	0	0	0	12.4328	36	124630	307	93832.44	2083	45.046779	57.861111	.2208369	1.610603	.0139119	0	.0936722	.2753049
31330	"31330"	1970	0	0	0	12.57135	46	15678.51	2671	5043.213	2649	1.9038178	57.586957	.2704988	.0750807	.0139119	0	.0936722	.2753049
31330	"31330"	1971	0	0	0	12.69965	50	227966.9	5081	174327.6	2475	70.435411	49.5	.2577886	2.168491	.0139119	0	.0936722	.2753049
31330	"31330"	1972	0	0	0	14.55195	39	203663.4	1119	162088.2	2233	72.587661	57.25641	.1998792	1.774966	.0139119	0	.0936722	.2753049
31340	"31340"	1967	0	0	0	10.5619	49	14126.25	39	5642.924	1377	4.097984	28.102041	.180828	.1457655	.0273303	0	.2167865	.0788837
31340	"31340"	1968	0	0	0	11.8694	44	19950.46	13	9528.704	1759	5.4171143	39.977273	.2033905	.1958683	.0273303	0	.2167865	.0788837
31340	"31340"	1969	0	0	0	11.8688	42	25588.1	221	15283.77	1732	8.824347	41.238095	.1836244	.2623409	.0273303	0	.2167865	.0788837
31340	"31340"	1970	0	0	0	12.9143	50	53645.96	252	26815.24	3772	7.1090233	75.44	.3851723	.3992109	.0273303	0	.2167865	.0788837
31340	"31340"	1971	0	0	0	12.8719	38	69407	2591	38774.39	3451	11.235696	90.815789	.3594458	.4823212	.0273303	0	.2167865	.0788837
31340	"31340"	1972	0	0	0	13.9927	41	106548.4	2013	56536.62	2661	21.246383	64.902439	.2381901	.6191109	.0273303	0	.2167865	.0788837
31400	"31400"	1967	0	0	0	10.7569	6	273480.3	1069	163550.8	8428	19.405653	1404.6667	1.106767	4.224774	.0192345	0	.0952223	.059704
31400	"31400"	1968	0	0	0	11.8613	6	331135.7	409	184794.2	8771	21.068777	1461.8333	1.014177	3.798558	.0192345	0	.0952223	.059704
31400	"31400"	1969	0	0	0	12.6522	7	421847.6	805	296699.4	10196	29.099588	1456.5714	1.080966	5.092749	.0192345	0	.0952223	.059704
31400	"31400"	1970	0	0	0	12.6522	9	548473.8	2805	369161.1	10955	33.697955	1217.2222	1.118654	5.495873	.0192345	0	.0952223	.059704
31400	"31400"	1971	0	0	0	12.6522	23	617023.1	6092	434817.7	14339	30.324128	623.43478	1.493507	5.408772	.0192345	0	.0952223	.059704
31400	"31400"	1972	0	0	0	12.6522	27	856428.1	2362	553690.3	13810	40.093431	511.48148	1.236154	6.06325	.0192345	0	.0952223	.059704
3211	"3211"	1967	0	.0086828	.1971831	12.19837	232	256690.1	6255	102144.8	33440	3.0545699	144.13793	4.39135	2.63856	.2213117	.0091461	.4584569	.0645323
3211	"3211"	1968	0	.0086828	.1971831	12.8437	223	379906.1	6675	131177.1	47444	2.7648838	212.75336	5.485877	2.696426	.2213117	.0091461	.4584569	.0645323
3211	"3211"	1969	0	.0086828	.1971831	12.69423	302	501369.4	19027	173307	57529	3.0125162	190.49338	6.099149	2.974759	.2213117	.0091461	.4584569	.0645323
3211	"3211"	1970	0	.0086828	.1971831	13.19417	311	433828.1	7016	167293.6	48041	3.4823096	154.47267	4.905637	2.490578	.2213117	.0091461	.4584569	.0645323
3211	"3211"	1971	0	.0086828	.1971831	13.8621	277	697563.9	15329	221243.5	51458	4.2994975	185.76895	5.359712	2.752086	.2213117	.0091461	.4584569	.0645323
3211	"3211"	1972	0	.0086828	.1971831	16.0114	318	941491.7	8274	383889	73878	5.1962556	232.32075	6.61293	4.203821	.2213117	.0091461	.4584569	.0645323
3212	"3212"	1967	0	.0064724	.025974	17.12145	1322	279217	3514	87475.08	77349	1.1309141	58.509077	10.15749	2.259618	.157281	.0062578	.4503852	.0444881
3212	"3212"	1968	0	.0064724	.025974	18.393	1369	281226.6	3394	97624.1	77653	1.2571839	56.722425	8.978897	2.006723	.157281	.0062578	.4503852	.0444881
3212	"3212"	1969	0	.0064724	.025974	18.80505	1540	364306.4	7213	139771	81229	1.7207028	52.746104	8.611792	2.399123	.157281	.0062578	.4503852	.0444881
3212	"3212"	1970	0	.0064724	.025974	19.32425	1308	432177.2	12596	153610.1	82523	1.8614218	63.090979	8.426716	2.286865	.157281	.0062578	.4503852	.0444881
3212	"3212"	1971	0	.0064724	.025974	18.9404	1176	431215.8	7988	155820.4	69554	2.2402791	59.144558	7.244537	1.938276	.157281	.0062578	.4503852	.0444881
3212	"3212"	1972	0	.0064724	.025974	19.4814	1196	616932.1	8353	234649.5	74646	3.1434969	62.413043	6.681675	2.569556	.157281	.0062578	.4503852	.0444881
32130	"32130"	1967	0	0	0	15.306	170	19182.02	456	8147.132	6139	1.3271106	36.111765	.8061752	.2104532	.36165	.0001106	.6472774	.0211269
32130	"32130"	1968	0	0	0	16.2464	197	37534.47	271	14175.45	7946	1.7839727	40.335025	.9187837	.2913849	.36165	.0001106	.6472774	.0211269
32130	"32130"	1969	0	0	0	16.0976	194	51982.9	590	19679.95	14263	1.3797904	73.520619	1.512144	.3378	.36165	.0001106	.6472774	.0211269
32130	"32130"	1970	0	0	0	17.3962	174	57403.34	373	21452.96	8288	2.5884364	47.632184	.8463171	.3193802	.36165	.0001106	.6472774	.0211269
32130	"32130"	1971	0	0	0	19.3666	168	84330.75	790	25812.48	9063	2.8481167	53.946429	.943975	.3210859	.36165	.0001106	.6472774	.0211269
32130	"32130"	1972	0	0	0	22.167	197	107845	595	32282.22	11995	2.6913065	60.888325	1.07369	.3535102	.36165	.0001106	.6472774	.0211269
3214	"3214"	1967	0	.0016211	.0825	7.04165	172	28842.67	187	13860.39	6017	2.303538	34.982558	.7901542	.3580355	.0622212	.0548582	.3099857	.1563651
3214	"3214"	1968	0	.0016211	.0825	7.92095	143	26032.23	314	13420.11	3252	4.1267243	22.741259	.3760237	.2758585	.0622212	.0548582	.3099857	.1563651
3214	"3214"	1969	0	.0016211	.0825	8.58735	165	34038.44	196	15010.45	4886	3.072135	29.612121	.5180073	.2576495	.0622212	.0548582	.3099857	.1563651
3214	"3214"	1970	0	.0016211	.0825	9.37915	152	27102.67	247	10427.38	3876	2.6902435	25.5	.3957921	.1552373	.0622212	.0548582	.3099857	.1563651
3214	"3214"	1971	0	.0016211	.0825	9.939	164	41100.71	45	16681.76	4709	3.5425268	28.713415	.4904754	.2075073	.0622212	.0548582	.3099857	.1563651
3214	"3214"	1972	0	.0016211	.0825	10.98445	164	68123.58	324	24443.65	6670	3.6647146	40.670732	.5970417	.267673	.0622212	.0548582	.3099857	.1563651
32141	"32141"	1967	0	.0008717	.04	8.5817	129	17548.97	177	9217.288	5252	1.7550053	40.713178	.6896941	.238097	.0840425	.075103	.4429312	.2582265
32141	"32141"	1968	0	.0008717	.04	10.2375	99	11750.92	308	6456.654	1962	3.2908534	19.818182	.226863	.1327205	.0840425	.075103	.4429312	.2582265
32141	"32141"	1969	0	.0008717	.04	11.3268	106	17992.72	148	8554.931	3635	2.3534887	34.292453	.3853779	.1468426	.0840425	.075103	.4429312	.2582265
32141	"32141"	1970	0	.0008717	.04	12.5361	92	12795.05	208	4068.251	2421	1.680401	26.315217	.2472169	.0605659	.0840425	.075103	.4429312	.2582265
32141	"32141"	1971	0	.0008717	.04	12.9069	111	16835.96	9	6577.877	2742	2.3989339	24.702703	.2855985	.0818233	.0840425	.075103	.4429312	.2582265
32141	"32141"	1972	0	.0008717	.04	13.6458	91	27466.33	172	11300.18	3533	3.1984661	38.824176	.3162441	.1237439	.0840425	.075103	.4429312	.2582265
3215	"3215"	1967	0	.0001076	.0238095	22.3166	681	69248.9	983	29072.53	33461	.86884815	49.135095	4.394108	.7509888	.1334049	.0423724	.487928	.0843692
3215	"3215"	1968	0	.0001076	.0238095	23.0253	783	69137	1191	30992	45777	.67702115	58.463602	5.293124	.6370593	.1334049	.0423724	.487928	.0843692
3215	"3215"	1969	0	.0001076	.0238095	23.0212	849	100559.5	1857	43155.87	47680	.90511479	56.160188	5.054971	.7407566	.1334049	.0423724	.487928	.0843692
3215	"3215"	1970	0	.0001076	.0238095	22.2079	813	163189.7	6973	76945.59	55837	1.3780396	68.680197	5.701714	1.145525	.1334049	.0423724	.487928	.0843692
3215	"3215"	1971	0	.0001076	.0238095	23.7362	738	229982	5602	103554.9	59938	1.7277004	81.216802	6.242963	1.288137	.1334049	.0423724	.487928	.0843692
3215	"3215"	1972	0	.0001076	.0238095	26.3301	849	248954.6	2902	104693.9	62629	1.6716516	73.767962	5.606015	1.146462	.1334049	.0423724	.487928	.0843692
3216	"3216"	1967	0	.0044944	.0454545	10.56755	30	1220.718	3	567.7758	3779	.150245	125.96667	.4962593	.0146665	.0472455	.0505568	.2583231	.1988569
3216	"3216"	1968	0	.0044944	.0454545	11.6531	18	1536.072	7	832.3965	1876	.44370817	104.22222	.216919	.0171104	.0472455	.0505568	.2583231	.1988569
3216	"3216"	1969	0	.0044944	.0454545	12.4081	17	1813.332	14	894.5769	811	1.1030542	47.705882	.0859812	.0153551	.0472455	.0505568	.2583231	.1988569
3216	"3216"	1970	0	.0044944	.0454545	13.4704	22	4639.803	141	1700.024	1050	1.6190703	47.727273	.1072192	.025309	.0472455	.0505568	.2583231	.1988569
3216	"3216"	1971	0	.0044944	.0454545	13.97	20	6406.585	4	3371.51	1000	3.3715103	50	.104157	.0419388	.0472455	.0505568	.2583231	.1988569
3216	"3216"	1972	0	.0044944	.0454545	15.1423	23	4814.328	44	2463.298	886	2.7802463	38.521739	.0793072	.0269746	.0472455	.0505568	.2583231	.1988569
3217	"3217"	1967	0	.0039563	.1818182	6.7804	48	54893.52	432	20013.57	4418	4.5300066	92.041667	.580173	.5169818	.3226585	.0009262	.7547666	.0160122
3217	"3217"	1968	0	.0039563	.1818182	6.2983	37	58698.38	113	19338.55	5023	3.8500005	135.75676	.5808017	.3975157	.3226585	.0009262	.7547666	.0160122
3217	"3217"	1969	0	.0039563	.1818182	5.7318	52	96985.24	413	29519.52	6107	4.8337191	117.44231	.6474561	.506693	.3226585	.0009262	.7547666	.0160122
3217	"3217"	1970	0	.0039563	.1818182	6.4696	50	79587.61	276	24622.85	5632	4.371955	112.64	.5751035	.3665718	.3226585	.0009262	.7547666	.0160122
3217	"3217"	1971	0	.0039563	.1818182	6.4049	52	103374	370	35457.23	5717	6.2020689	109.94231	.5954656	.4410585	.3226585	.0009262	.7547666	.0160122
3217	"3217"	1972	0	.0039563	.1818182	6.4897	63	140807.7	300	43807.88	6536	6.7025522	103.74603	.5850471	.4797233	.3226585	.0009262	.7547666	.0160122
3219	"3219"	1967	0	.0057881	.1176471	8.5817	119	18947.29	44	9275.551	3396	2.7313166	28.537815	.4459637	.239602	.0549414	.003791	.2092057	.006794
3219	"3219"	1968	0	.0057881	.1176471	10.2375	112	13841.27	21	5948.718	2509	2.3709517	22.401786	.2901118	.1222795	.0549414	.003791	.2092057	.006794
3219	"3219"	1969	0	.0057881	.1176471	11.3268	146	18681.36	128	8007.557	3699	2.1647897	25.335616	.3921631	.1374471	.0549414	.003791	.2092057	.006794
3219	"3219"	1970	0	.0057881	.1176471	12.5361	168	26451.61	104	9715.94	3900	2.4912667	23.214286	.3982428	.1446457	.0549414	.003791	.2092057	.006794
3219	"3219"	1971	0	.0057881	.1176471	12.9069	169	23777.98	148	9506.543	3558	2.6718782	21.053254	.3705907	.1182535	.0549414	.003791	.2092057	.006794
3219	"3219"	1972	0	.0057881	.1176471	13.6458	166	32346.95	126	12993.01	4621	2.8117311	27.837349	.4136326	.1422815	.0549414	.003791	.2092057	.006794
3221	"3221"	1967	0	.0017256	.0625	12.6717	2966	166867.9	445	65689.69	44048	1.4913206	14.850978	5.784396	1.696867	.0120943	.0274424	.4092414	.0888452
3221	"3221"	1968	0	.0017256	.0625	13.9479	3098	228722.6	995	78678.51	45058	1.7461608	14.544222	5.209987	1.617285	.0120943	.0274424	.4092414	.0888452
3221	"3221"	1969	0	.0017256	.0625	14.6211	3469	245426.1	2315	86217.86	51669	1.6686574	14.894494	5.477879	1.479902	.0120943	.0274424	.4092414	.0888452
3221	"3221"	1970	0	.0017256	.0625	15.3246	3050	301867.6	1536	98214.63	52366	1.875542	17.16918	5.347278	1.462167	.0120943	.0274424	.4092414	.0888452
3221	"3221"	1971	0	.0017256	.0625	16.0619	3169	388671.3	1674	142355.5	63151	2.2542085	19.927737	6.57762	1.770785	.0120943	.0274424	.4092414	.0888452
3221	"3221"	1972	0	.0017256	.0625	17.4425	2976	541866.2	2333	188894.9	84818	2.2270621	28.500672	7.592185	2.068516	.0120943	.0274424	.4092414	.0888452
32310	"32310"	1967	0	0	0	4.7237	39	33490.7	65	8404.429	1260	6.6701815	32.307692	.1654636	.2170995	.0566695	.0944775	.1587695	.1393484
32310	"32310"	1968	0	0	0	4.9182	35	25354.8	57	7726.404	1218	6.3435172	34.8	.1408355	.1588209	.0566695	.0944775	.1587695	.1393484
32310	"32310"	1969	0	0	0	4.6935	38	32044.32	60	7968.467	1241	6.4210048	32.657895	.1315692	.1367761	.0566695	.0944775	.1587695	.1393484
32310	"32310"	1970	0	0	0	5.0039	31	37031.12	23	12250.44	1834	6.6796317	59.16129	.1872762	.1823781	.0566695	.0944775	.1587695	.1393484
32310	"32310"	1971	0	0	0	5.2015	33	40219.17	110	11073.73	978	11.322831	29.636364	.1018656	.137748	.0566695	.0944775	.1587695	.1393484
32310	"32310"	1972	0	0	0	9.6387	24	18581.34	36	7656.635	910	8.4138841	37.916667	.0814555	.0838449	.0566695	.0944775	.1587695	.1393484
32320	"32320"	1967	0	.0276823	.2	4.7237	0	0	0	0	0	0	0	0	0	.0566695	.0944775	.1587695	.1393484
32320	"32320"	1968	0	.0276823	.2	4.9182	0	0	0	0	0	0	0	0	0	.0566695	.0944775	.1587695	.1393484
32320	"32320"	1969	0	.0276823	.2	4.6935	0	0	0	0	0	0	0	0	0	.0566695	.0944775	.1587695	.1393484
32320	"32320"	1970	0	.0276823	.2	5.0039	4	559.5635	5	219.8285	93	2.3637477	23.25	.0094966	.0032727	.0566695	.0944775	.1587695	.1393484
32320	"32320"	1971	0	.0276823	.2	5.2015	2	326.8288	1	153.8018	43	3.5767858	21.5	.0044788	.0019132	.0566695	.0944775	.1587695	.1393484
32320	"32320"	1972	0	.0276823	.2	9.6387	4	446.1183	2	207.4969	94	2.2074135	23.5	.0084141	.0022722	.0566695	.0944775	.1587695	.1393484
32400	"32400"	1967	0	0	0	5.2454	400	44743.97	137	17138.83	4964	3.4526242	12.41	.6518739	.4427227	.0849797	.0011818	.2687677	.0025256
32400	"32400"	1968	0	0	0	5.2304	389	64010.4	52	26556.29	5654	4.6969024	14.534704	.6537633	.5458806	.0849797	.0011818	.2687677	.0025256
32400	"32400"	1969	0	0	0	5.9448	360	60994.48	233	22961.24	5776	3.9752846	16.044444	.6123639	.3941223	.0849797	.0011818	.2687677	.0025256
32400	"32400"	1970	0	0	0	6.3214	325	57249.97	471	24883.73	4540	5.4809973	13.969231	.4635955	.3704556	.0849797	.0011818	.2687677	.0025256
32400	"32400"	1971	0	0	0	7.1733	334	77802.41	269	28982.48	5942	4.8775627	17.790419	.618901	.360518	.0849797	.0011818	.2687677	.0025256
32400	"32400"	1972	0	0	0	7.8696	252	141646.3	635	31856.77	8392	3.7960875	33.301587	.7511804	.3488512	.0849797	.0011818	.2687677	.0025256
331	"331"	1967	0	.0061259	.225	5.1028	767	67962.69	96	26887.2	8324	3.2300817	10.852673	1.09311	.6945384	.0656922	.0781693	.1949041	.0985119
331	"331"	1968	0	.0061259	.225	5.2517	792	76375.27	77	36369.18	9051	4.0182495	11.42803	1.046553	.7475905	.0656922	.0781693	.1949041	.0985119
331	"331"	1969	0	.0061259	.225	5.5254	800	74564.74	364	33228.36	8987	3.6973809	11.23375	.9527899	.570354	.0656922	.0781693	.1949041	.0985119
331	"331"	1970	0	.0061259	.225	6.5014	899	66647.18	250	30977.94	9019	3.4347426	10.032258	.9209621	.461183	.0656922	.0781693	.1949041	.0985119
331	"331"	1971	0	.0061259	.225	6.8153	916	68757.06	33	34466.57	8685	3.9685167	9.481441	.9046037	.4287356	.0656922	.0781693	.1949041	.0985119
331	"331"	1972	0	.0061259	.225	7.5667	966	92246.29	200	41735.5	10013	4.1681313	10.365424	.8962786	.4570294	.0656922	.0781693	.1949041	.0985119
3311	"3311"	1967	0	.0013817	.0789474	5.331666	1005	523101	3035	119868.7	21006	5.7064036	20.901493	2.758514	3.096396	.0643839	.0907885	.1601309	.1693686
3311	"3311"	1968	0	.0013817	.0789474	5.572	1016	706532.7	4099	213514	30176	7.0756229	29.700787	3.489204	4.38891	.0643839	.0907885	.1601309	.1693686
3311	"3311"	1969	0	.0013817	.0789474	5.764067	996	905367.7	4952	209695.7	32773	6.3984286	32.904618	3.47455	3.599359	.0643839	.0907885	.1601309	.1693686
3311	"3311"	1970	0	.0013817	.0789474	6.6494	995	1009971	9945	257075.8	34411	7.4707453	34.58392	3.513829	3.827207	.0643839	.0907885	.1601309	.1693686
3311	"3311"	1971	0	.0013817	.0789474	6.969767	994	1310503	5492	415178.9	31384	13.228999	31.573441	3.268864	5.164482	.0643839	.0907885	.1601309	.1693686
3311	"3311"	1972	0	.0013817	.0789474	7.7438	1099	1300395	3835	448681.5	33483	13.400279	30.466788	2.997113	4.91334	.0643839	.0907885	.1601309	.1693686
33111	"33111"	1967	0	0	0	5.1028	97	7250.921	8	2567.218	1276	2.0119264	13.154639	.1675647	.0663153	.0544055	.1296983	.1374252	.1561269
33111	"33111"	1968	0	0	0	5.2517	99	7426.167	6	3636.918	1197	3.0383606	12.090909	.1384073	.0747591	.0544055	.1296983	.1374252	.1561269
33111	"33111"	1969	0	0	0	5.5254	102	11528.58	25	4615.05	1555	2.967878	15.245098	.164859	.0792158	.0544055	.1296983	.1374252	.1561269
33111	"33111"	1970	0	0	0	6.5014	100	8921.155	64	4922.017	1616	3.0458025	16.16	.1650155	.0732763	.0544055	.1296983	.1374252	.1561269
33111	"33111"	1971	0	0	0	6.8153	100	11166.05	34	5076.812	1319	3.848986	13.19	.1373831	.0631513	.0544055	.1296983	.1374252	.1561269
33111	"33111"	1972	0	0	0	7.5667	103	14986.72	45	6013.189	1582	3.8010047	15.359223	.1416072	.0658481	.0544055	.1296983	.1374252	.1561269
3319	"3319"	1967	0	0	0	5.1028	97	7250.921	8	2567.218	1276	2.0119264	13.154639	.1675647	.0663153	.0485563	.1141862	.1428723	.1652195
3319	"3319"	1968	0	0	0	5.2517	99	7426.167	6	3636.918	1197	3.0383606	12.090909	.1384073	.0747591	.0485563	.1141862	.1428723	.1652195
3319	"3319"	1969	0	0	0	5.5254	102	11528.58	25	4615.05	1555	2.967878	15.245098	.164859	.0792158	.0485563	.1141862	.1428723	.1652195
3319	"3319"	1970	0	0	0	6.5014	114	10613.1	66	5844.895	1800	3.2471639	15.789474	.1838044	.0870157	.0485563	.1141862	.1428723	.1652195
3319	"3319"	1971	0	0	0	6.8153	113	13220.25	35	6030.549	1503	4.0123413	13.300885	.156548	.075015	.0485563	.1141862	.1428723	.1652195
3319	"3319"	1972	0	0	0	7.5667	112	17894.19	63	7268.69	1854	3.920545	16.553571	.1659543	.0795966	.0485563	.1141862	.1428723	.1652195
33200	"33200"	1967	0	.0061259	.225	5.1028	767	67962.69	96	26887.2	8324	3.2300817	10.852673	1.09311	.6945384	.0656922	.0781693	.1949041	.0985119
33200	"33200"	1968	0	.0061259	.225	5.2517	792	76375.27	77	36369.18	9051	4.0182495	11.42803	1.046553	.7475905	.0656922	.0781693	.1949041	.0985119
33200	"33200"	1969	0	.0061259	.225	5.5254	800	74564.74	364	33228.36	8987	3.6973809	11.23375	.9527899	.570354	.0656922	.0781693	.1949041	.0985119
33200	"33200"	1970	0	.0061259	.225	6.5014	899	66647.18	250	30977.94	9019	3.4347426	10.032258	.9209621	.461183	.0656922	.0781693	.1949041	.0985119
33200	"33200"	1971	0	.0061259	.225	6.8153	916	68757.06	33	34466.57	8685	3.9685167	9.481441	.9046037	.4287356	.0656922	.0781693	.1949041	.0985119
33200	"33200"	1972	0	.0061259	.225	7.5667	966	92246.29	200	41735.5	10013	4.1681313	10.365424	.8962786	.4570294	.0656922	.0781693	.1949041	.0985119
3411	"3411"	1967	0	.0016126	.0574534	9.184	499	184647.2	2827	64971.69	15492	4.1938865	31.046092	2.034414	1.67832	.073959	.380327	.2551764	.5335571
3411	"3411"	1968	0	.0016126	.0574534	9.4748	525	255266.6	1179	91463.67	18504	4.9429135	35.245714	2.139589	1.880091	.073959	.380327	.2551764	.5335571
3411	"3411"	1969	0	.0016126	.0574534	9.6705	516	290429.7	3987	106013.1	17672	5.9989325	34.248062	1.873562	1.819681	.073959	.380327	.2551764	.5335571
3411	"3411"	1970	0	.0016126	.0574534	9.9331	495	338414	1732	113237.6	16388	6.9097853	33.107071	1.673437	1.68582	.073959	.380327	.2551764	.5335571
3411	"3411"	1971	0	.0016126	.0574534	10.5289	482	414430.8	2258	135740.7	17405	7.7989471	36.109959	1.812853	1.688502	.073959	.380327	.2551764	.5335571
3411	"3411"	1972	0	.0016126	.0574534	10.5034	443	534112.8	2418	188358.1	21920	8.5929771	49.480813	1.962092	2.062637	.073959	.380327	.2551764	.5335571
3419	"3419"	1967	0	.0067901	.0833333	9.184	84	19740.85	1650	5672.909	2209	2.5680894	26.297619	.2900865	.1465401	.1753681	.0006431	.3036601	.0036585
3419	"3419"	1968	0	.0067901	.0833333	9.4748	73	22596.78	47	7936.843	1945	4.080639	26.643836	.2248974	.1631466	.1753681	.0006431	.3036601	.0036585
3419	"3419"	1969	0	.0067901	.0833333	9.6705	75	32397.5	189	11498.89	2562	4.4882469	34.16	.2716199	.1973747	.1753681	.0006431	.3036601	.0036585
3419	"3419"	1970	0	.0067901	.0833333	9.9331	59	43591.63	369	14879.54	2721	5.4684103	46.118644	.277851	.2215187	.1753681	.0006431	.3036601	.0036585
3419	"3419"	1971	0	.0067901	.0833333	10.5289	75	66778.11	1036	22063.08	2951	7.4764769	39.346667	.3073673	.2744465	.1753681	.0006431	.3036601	.0036585
3419	"3419"	1972	0	.0067901	.0833333	10.5034	75	90151.76	502	28238.48	3306	8.5415837	44.08	.295925	.3092287	.1753681	.0006431	.3036601	.0036585
3421	"3421"	1967	0	.0006327	.1052632	6.3047	966	190714.9	875	88204.04	22317	3.9523251	23.102484	2.930675	2.278448	.0340981	.0509408	.1582413	.2608919
3421	"3421"	1968	0	.0006327	.1052632	6.6301	1018	279965.6	527	141747.5	26075	5.4361453	25.613949	3.015012	2.913706	.0340981	.0509408	.1582413	.2608919
3421	"3421"	1969	0	.0006327	.1052632	6.8196	1193	348202.2	2493	186418.6	28067	6.6419124	23.526404	2.975626	3.199814	.0340981	.0509408	.1582413	.2608919
3421	"3421"	1970	0	.0006327	.1052632	7.2294	1184	387819.2	2420	208772.5	30251	6.9013424	25.549831	3.089037	3.108093	.0340981	.0509408	.1582413	.2608919
3421	"3421"	1971	0	.0006327	.1052632	7.8266	1175	477755.3	2355	284772.4	31046	9.1725968	26.422128	3.233659	3.542333	.0340981	.0509408	.1582413	.2608919
3421	"3421"	1972	0	.0006327	.1052632	9.1759	1243	475397.5	3494	244531.9	33767	7.2417407	27.165728	3.022535	2.677775	.0340981	.0509408	.1582413	.2608919
3422	"3422"	1967	0	.0006327	.1052632	6.3047	727	67536.92	420	30469.33	9837	3.0974213	13.530949	1.291798	.7870705	.0463061	.0264087	.1917898	.115686
3422	"3422"	1968	0	.0006327	.1052632	6.6301	750	100933.6	300	49561.85	11397	4.348675	15.196	1.317818	1.018774	.0463061	.0264087	.1917898	.115686
3422	"3422"	1969	0	.0006327	.1052632	6.8196	822	110842.3	779	56616.22	10501	5.3915078	12.774939	1.113302	.9717991	.0463061	.0264087	.1917898	.115686
3422	"3422"	1970	0	.0006327	.1052632	7.2294	511	119456.7	1089	63463.08	10381	6.1133879	20.315068	1.060041	.9448044	.0463061	.0264087	.1917898	.115686
3422	"3422"	1971	0	.0006327	.1052632	7.8266	500	85988.81	238	42330	7502	5.6424957	15.004	.7813859	.5265502	.0463061	.0264087	.1917898	.115686
3422	"3422"	1972	0	.0006327	.1052632	9.1759	504	96230.34	371	45390.64	9476	4.7900634	18.801587	.8482109	.4970555	.0463061	.0264087	.1917898	.115686
3511	"3511"	1967	1	.9535467	.7803571	18.1672	108	28914.75	579	9374.037	4100	2.2863504	37.962963	.5384132	.242146	.4008318	.205475	.7617139	.3783084
3511	"3511"	1968	1	.9535467	.7803571	16.172	123	112348.5	2467	55701.21	13585	4.1001994	110.44715	1.570813	1.144972	.4008318	.205475	.7617139	.3783084
3511	"3511"	1969	1	.9535467	.7803571	14.72853	171	157924.8	9220	70821.75	20721	3.4178734	121.17544	2.196813	1.215632	.4008318	.205475	.7617139	.3783084
3511	"3511"	1970	1	.9535467	.7803571	13.84345	219	215401.5	7327	96601.64	13179	7.3299677	60.178082	1.345754	1.438154	.4008318	.205475	.7617139	.3783084
3511	"3511"	1971	1	.9535467	.7803571	14.09985	206	377770	11379	178285.6	17296	10.307909	83.961165	1.8015	2.217725	.4008318	.205475	.7617139	.3783084
3511	"3511"	1972	1	.9535467	.7803571	14.71927	255	296386.9	17143	139164.5	11732	11.861956	46.007843	1.050149	1.523937	.4008318	.205475	.7617139	.3783084
35150	"35150"	1967	1	.9993401	.875	6.443634	8	110232.8	151	56303.64	4051	13.898701	506.375	.5319785	1.454411	.1391231	.028246	.2955452	.0606534
35150	"35150"	1968	1	.9993401	.875	6.6091	16	398208.5	1768	196199.2	6342	30.936484	396.375	.7333157	4.032993	.1391231	.028246	.2955452	.0606534
35150	"35150"	1969	1	.9993401	.875	6.739567	20	484081.6	3231	246469.8	6517	37.819525	325.85	.6909238	4.230575	.1391231	.028246	.2955452	.0606534
35150	"35150"	1970	1	.9993401	.875	7.267167	49	551851.9	977	272004.2	11135	24.42786	227.2449	1.137034	4.049453	.1391231	.028246	.2955452	.0606534
35150	"35150"	1971	1	.9993401	.875	7.5004	37	508786.2	1134	221081.5	9305	23.759435	251.48649	.969181	2.750071	.1391231	.028246	.2955452	.0606534
35150	"35150"	1972	1	.9993401	.875	7.8024	53	643609.6	14355	291974.3	8676	33.653096	163.69811	.7766017	3.197298	.1391231	.028246	.2955452	.0606534
3516	"3516"	1967	1	.9993401	.875	5.86745	34	29331.31	83	10720.16	1581	6.7806198	46.5	.2076174	.2769185	.090646	.0000874	.2662578	.0280568
3516	"3516"	1968	1	.9993401	.875	6.07975	24	41120.11	39	11711.01	1736	6.7459722	72.333333	.200731	.2407269	.090646	.0000874	.2662578	.0280568
3516	"3516"	1969	1	.9993401	.875	6.2144	23	67375.77	322	22496.14	1706	13.186481	74.173913	.1808679	.3861389	.090646	.0000874	.2662578	.0280568
3516	"3516"	1970	1	.9993401	.875	6.56205	25	100715.5	359	35050.02	4862	7.2089723	194.48	.4964761	.521806	.090646	.0000874	.2662578	.0280568
3516	"3516"	1971	1	.9993401	.875	6.6003	17	97010.74	124	24847.36	4027	6.1701902	236.88235	.4194403	.3090805	.090646	.0000874	.2662578	.0280568
3516	"3516"	1972	1	.9993401	.875	6.98285	23	143895.4	340	41057.73	3174	12.935644	138	.2841095	.4496075	.090646	.0000874	.2662578	.0280568
35210	"35210"	1967	1	1	1	8.7636	36	30889.13	102	9801.908	1708	5.7388217	47.444444	.224295	.2531986	.3899117	.1891158	.7283073	.4071293
35210	"35210"	1968	1	1	1	9.8676	36	44276.22	205	16974.74	2039	8.3250343	56.638889	.2357664	.3489262	.3899117	.1891158	.7283073	.4071293
35210	"35210"	1969	1	1	1	9.9008	53	59570.95	707	23836.46	2310	10.318813	43.584906	.2449031	.4091451	.3899117	.1891158	.7283073	.4071293
35210	"35210"	1970	1	1	1	10.3677	33	50628.4	132	20178.05	1421	14.199897	43.060606	.1451034	.3004	.3899117	.1891158	.7283073	.4071293
35210	"35210"	1971	1	1	1	10.9749	26	51672.45	238	18542.31	1491	12.436157	57.346154	.1552981	.230651	.3899117	.1891158	.7283073	.4071293
35210	"35210"	1972	1	1	1	11.9678	37	66344.69	55	25025.48	1727	14.490727	46.675676	.1545863	.2740445	.3899117	.1891158	.7283073	.4071293
35220	"35220"	1967	0	.0008002	.2647059	21.0015	136	62343.17	692	33659.5	9957	3.3804863	73.213235	1.307556	.8694776	.0930872	.0121205	.2865337	.0947099
35220	"35220"	1968	0	.0008002	.2647059	22.8449	113	68093.97	452	37014.83	11114	3.3304684	98.353982	1.285095	.7608622	.0930872	.0121205	.2865337	.0947099
35220	"35220"	1969	0	.0008002	.2647059	22.7779	118	99126.78	746	62099.66	11851	5.2400359	100.4322	1.256427	1.065921	.0930872	.0121205	.2865337	.0947099
35220	"35220"	1970	0	.0008002	.2647059	22.8241	130	124780.4	1234	69303.94	13556	5.1124178	104.27692	1.384251	1.03176	.0930872	.0121205	.2865337	.0947099
35220	"35220"	1971	0	.0008002	.2647059	23.9973	129	161655.7	2140	96135.82	13375	7.1877247	103.68217	1.3931	1.19585	.0930872	.0121205	.2865337	.0947099
35220	"35220"	1972	0	.0008002	.2647059	27.6121	154	163537	978	91079.63	13241	6.8786069	85.980519	1.185222	.9973781	.0930872	.0121205	.2865337	.0947099
3523	"3523"	1967	1	.9953657	.9058442	15.79563	272	82092.31	668	28121.7	13036	2.1572335	47.926471	1.711891	.7264274	.2112054	.1740984	.4727109	.349887
3523	"3523"	1968	1	.9953657	.9058442	15.69033	259	98206.96	551	36149.65	11894	3.0393178	45.92278	1.375285	.7430779	.2112054	.1740984	.4727109	.349887
3523	"3523"	1969	1	.9953657	.9058442	15.89723	243	129833.9	1573	53015.51	10671	4.9681859	43.91358	1.131325	.9099941	.2112054	.1740984	.4727109	.349887
3523	"3523"	1970	1	.9953657	.9058442	16.21823	292	169845.9	1086	76099.54	14570	5.2230292	49.89726	1.487794	1.132929	.2112054	.1740984	.4727109	.349887
3523	"3523"	1971	1	.9953657	.9058442	16.6146	267	143024.8	568	56943.89	10476	5.4356519	39.235955	1.091149	.7083348	.2112054	.1740984	.4727109	.349887
3523	"3523"	1972	1	.9953657	.9058442	17.28663	286	211996.2	858	92794.24	15363	6.0401122	53.716783	1.375165	1.016154	.2112054	.1740984	.4727109	.349887
35300	"35300"	1967	1	.9999933	.952381	7.2237	11	374655.6	2652	200575.9	1307	153.4628	118.81818	.1716356	5.181189	.0358353	.0546508	.1551712	.1151121
35300	"35300"	1968	1	.9999933	.952381	7.57455	13	460674.2	3527	160907.2	2447	65.756945	188.23077	.2829428	3.307546	.0358353	.0546508	.1551712	.1151121
35300	"35300"	1969	1	.9999933	.952381	8.2509	15	730550.6	10049	347028.8	2360	147.0461	157.33333	.2502041	5.956637	.0358353	.0546508	.1551712	.1151121
35300	"35300"	1970	1	.9999933	.952381	8.917175	17	947744.1	6327	436674.2	3176	137.49186	186.82353	.3243126	6.500971	.0358353	.0546508	.1551712	.1151121
35300	"35300"	1971	1	.9999933	.952381	9.775925	25	1326084	22311	576743.4	3373	170.98826	134.92	.3513216	7.17421	.0358353	.0546508	.1551712	.1151121
35300	"35300"	1972	1	.9999933	.952381	10.75457	27	1432786	37411	542401.7	4420	122.71532	163.7037	.3956408	5.939633	.0358353	.0546508	.1551712	.1151121
3540	"3540"	1967	1	.9992099	.7647059	1.7449	940	846237.6	438	173534.3	11976	14.490172	12.740426	1.572692	4.482662	.0252077	.1868057	.1921389	.6787003
3540	"3540"	1968	1	.9992099	.7647059	1.824	838	1136623	497	281633.8	12547	22.446304	14.972554	1.45079	5.789154	.0252077	.1868057	.1921389	.6787003
3540	"3540"	1969	1	.9992099	.7647059	2.055133	735	1245515	1053	267671.2	11498	23.279805	15.643537	1.219003	4.594489	.0252077	.1868057	.1921389	.6787003
3540	"3540"	1970	1	.9992099	.7647059	2.2518	695	1448308	1367	321298.5	12520	25.66282	18.014388	1.278462	4.78332	.0252077	.1868057	.1921389	.6787003
3540	"3540"	1971	1	.9992099	.7647059	2.512467	602	1598907	791	490474.2	10982	44.661643	18.242525	1.143852	6.101092	.0252077	.1868057	.1921389	.6787003
3540	"3540"	1972	1	.9992099	.7647059	2.726533	516	1804563	701	534635	12555	42.583431	24.331395	1.123817	5.854583	.0252077	.1868057	.1921389	.6787003
3551	"3551"	1967	0	.001324	.1428571	9.8876	27	42507.79	184	11802.66	2300	5.1315922	85.185185	.3020366	.3048812	.1523761	.1996482	.442022	.4700298
3551	"3551"	1968	0	.001324	.1428571	9.8199	25	49277.49	143	16038.86	2662	6.0251167	106.48	.3078029	.3296885	.1523761	.1996482	.442022	.4700298
3551	"3551"	1969	0	.001324	.1428571	10.2704	29	74193.8	485	20641.84	4041	5.1081031	139.34483	.4284215	.3543106	.1523761	.1996482	.442022	.4700298
3551	"3551"	1970	0	.001324	.1428571	12.0434	28	76871.98	1169	25981.04	3532	7.3558991	126.14286	.3606651	.3867917	.1523761	.1996482	.442022	.4700298
3551	"3551"	1971	0	.001324	.1428571	12.0885	25	90805.31	1305	30996.4	4459	6.9514244	178.36	.4644361	.3855696	.1523761	.1996482	.442022	.4700298
3551	"3551"	1972	0	.001324	.1428571	13.5051	33	119192	1295	38992.68	5022	7.764372	152.18182	.4495267	.4269938	.1523761	.1996482	.442022	.4700298
35593	"35593"	1967	0	.0015327	.1025641	8.847	11	1062.507	0	33.9098	170	.19946941	15.454545	.0223244	.0008759	.0940295	.0303924	.3274114	.0982155
35593	"35593"	1968	0	.0015327	.1025641	8.9522	17	1776.1	5	647.8854	193	3.3569194	11.352941	.0223163	.0133177	.0940295	.0303924	.3274114	.0982155
35593	"35593"	1969	0	.0015327	.1025641	9.1928	11	696.1971	3	337.2204	108	3.1224116	9.8181818	.01145	.0057883	.0940295	.0303924	.3274114	.0982155
35593	"35593"	1970	0	.0015327	.1025641	9.918	6	393.2244	1	191.5709	57	3.3608926	9.5	.0058205	.002852	.0940295	.0303924	.3274114	.0982155
35593	"35593"	1971	0	.0015327	.1025641	10.1786	7	1119.997	0	304.5605	54	5.64001	7.7142857	.0056245	.0037885	.0940295	.0303924	.3274114	.0982155
35593	"35593"	1972	0	.0015327	.1025641	11.0197	12	698.7486	0	263.1651	110	2.3924096	9.1666667	.0098463	.0028818	.0940295	.0303924	.3274114	.0982155
35600	"35600"	1967	0	.0955247	.3571429	12.4889	94	22387.88	229	6389.674	3221	1.9837547	34.265957	.4229826	.1650553	.4589956	.2863599	.873811	.4534711
35600	"35600"	1968	0	.0955247	.3571429	10.2766	122	57022.75	501	20220.7	4984	4.0571219	40.852459	.5762922	.4156487	.4589956	.2863599	.873811	.4534711
35600	"35600"	1969	0	.0955247	.3571429	9.5694	139	102023.1	1342	34098.27	6891	4.9482328	49.57554	.7305747	.5852858	.4589956	.2863599	.873811	.4534711
35600	"35600"	1970	0	.0955247	.3571429	9.6599	168	149452.9	1452	52453.96	9026	5.8114293	53.72619	.9216769	.7809065	.4589956	.2863599	.873811	.4534711
35600	"35600"	1971	0	.0955247	.3571429	10.5695	146	146686.2	857	56530.58	8961	6.3085128	61.376712	.933351	.7031936	.4589956	.2863599	.873811	.4534711
35600	"35600"	1972	0	.0955247	.3571429	10.8114	227	319496.1	1173	146456.5	14863	9.8537652	65.475771	1.330409	1.603789	.4589956	.2863599	.873811	.4534711
3610	"3610"	1967	0	0	0	5.2215	529	41654.7	107	22752.08	9575	2.3761967	18.100189	1.257392	.5877219	.1183596	.0375345	.2753592	.0662802
3610	"3610"	1968	0	0	0	6.184	477	30174.64	54	15863.52	8846	1.7932985	18.545073	1.022849	.3260843	.1183596	.0375345	.2753592	.0662802
3610	"3610"	1969	0	0	0	6.3321	436	40097.28	438	18603.62	8203	2.2679048	18.81422	.8696712	.3193251	.1183596	.0375345	.2753592	.0662802
3610	"3610"	1970	0	0	0	6.8923	378	34270.13	183	18905.15	6994	2.7030533	18.502646	.7141821	.2814498	.1183596	.0375345	.2753592	.0662802
3610	"3610"	1971	0	0	0	7.8001	332	28730.4	113	16538.25	5778	2.8622793	17.403614	.6018192	.2057221	.1183596	.0375345	.2753592	.0662802
3610	"3610"	1972	0	0	0	8.5662	359	40239.54	139	23452.64	5885	3.9851553	16.392758	.5267751	.2568209	.1183596	.0375345	.2753592	.0662802
3620	"3620"	1967	0	.4943967	.4615385	13.84725	82	27500.05	264	15237.68	5869	2.5962996	71.573171	.7707188	.3936132	.2059158	.1668244	.3364247	.2764112
3620	"3620"	1968	0	.4943967	.4615385	14.53435	87	39086.72	107	15177.84	7404	2.0499511	85.103448	.8561131	.3119897	.2059158	.1668244	.3364247	.2764112
3620	"3620"	1969	0	.4943967	.4615385	14.48395	102	53410.85	1416	28921.67	8447	3.4238983	82.813725	.8955398	.4964311	.2059158	.1668244	.3364247	.2764112
3620	"3620"	1970	0	.4943967	.4615385	14.82305	80	64089.38	3202	37832.97	8772	4.3129242	109.65	.89574	.563237	.2059158	.1668244	.3364247	.2764112
3620	"3620"	1971	0	.4943967	.4615385	15.66765	85	69461.6	25553	38206.11	8429	4.5326981	99.164706	.8779395	.4752524	.2059158	.1668244	.3364247	.2764112
3620	"3620"	1972	0	.4943967	.4615385	16.68045	93	72917.7	357	39873.02	7160	5.5688581	76.989247	.6409023	.4366342	.2059158	.1668244	.3364247	.2764112
3691	"3691"	1967	0	.000327	.0906863	6.0702	1957	178577.3	718	78514.71	27084	2.8989334	13.83955	3.556679	2.028158	.1246876	.0646862	.2945921	.2355203
3691	"3691"	1968	0	.000327	.0906863	6.920633	1941	186009	566	88879.15	27594	3.2209592	14.216383	3.190652	1.826965	.1246876	.0646862	.2945921	.2355203
3691	"3691"	1969	0	.000327	.0906863	7.135366	1778	240618.3	2032	107576.8	27533	3.9071956	15.485377	2.919012	1.846521	.1246876	.0646862	.2945921	.2355203
3691	"3691"	1970	0	.000327	.0906863	8.013599	1757	242937	1140	107105.4	27371	3.9130989	15.578258	2.79495	1.594528	.1246876	.0646862	.2945921	.2355203
3691	"3691"	1971	0	.000327	.0906863	8.554267	1746	271466.9	1480	137393.4	25096	5.4747139	14.373425	2.613924	1.70906	.1246876	.0646862	.2945921	.2355203
3691	"3691"	1972	0	.000327	.0906863	9.555866	1504	328070.7	1049	150148.6	19285	7.7857717	12.822473	1.726229	1.64422	.1246876	.0646862	.2945921	.2355203
3692	"3692"	1967	0	.0009144	.25	6.392233	15	191404.2	6969	92596.74	3976	23.28892	265.06667	.5221294	2.391919	.0592166	.0651699	.2200812	.2030504
3692	"3692"	1968	0	.0009144	.25	6.929133	14	271967.6	24170	135211.7	6725	20.105831	480.35714	.7776014	2.779359	.0592166	.0651699	.2200812	.2030504
3692	"3692"	1969	0	.0009144	.25	7.7086	27	350037.6	17025	166722.9	5741	29.040739	212.62963	.6086532	2.861744	.0592166	.0651699	.2200812	.2030504
3692	"3692"	1970	0	.0009144	.25	8.351433	63	433506.5	4312	205964.7	7229	28.491445	114.74603	.7381788	3.066292	.0592166	.0651699	.2200812	.2030504
3692	"3692"	1971	0	.0009144	.25	8.6031	58	497355.6	3965	260080.7	8080	32.188202	139.31034	.8415886	3.235188	.0592166	.0651699	.2200812	.2030504
3692	"3692"	1972	0	.0009144	.25	9.322166	63	476069.6	14482	259596.3	7276	35.678437	115.49206	.6512856	2.84274	.0592166	.0651699	.2200812	.2030504
3711	"3711"	1967	1	.9999582	.9480519	6.1192	203	409040.4	4823	112710.8	20504	5.4970156	101.00493	2.692591	2.911496	.2696345	1.598882	.5211259	4.097192
3711	"3711"	1968	1	.9999582	.9480519	6.418467	189	548402	2161	156766.4	24897	6.2965986	131.73016	2.878802	3.222429	.2696345	1.598882	.5211259	4.097192
3711	"3711"	1969	1	.9999582	.9480519	6.948067	257	739083.3	3508	208432.1	24678	8.4460686	96.023346	2.616329	3.577669	.2696345	1.598882	.5211259	4.097192
3711	"3711"	1970	1	.9999582	.9480519	8.631133	259	775460.2	4986	222253.6	26641	8.342538	102.861	2.720407	3.308792	.2696345	1.598882	.5211259	4.097192
3711	"3711"	1971	1	.9999582	.9480519	8.579967	233	948814.9	14020	235455.5	20411	11.535714	87.600858	2.125949	2.928871	.2696345	1.598882	.5211259	4.097192
3711	"3711"	1972	1	.9999582	.9480519	8.603833	257	1355419	51553	347031.4	21281	16.307099	82.805447	1.904894	3.800207	.2696345	1.598882	.5211259	4.097192
3720	"3720"	1967	1	.9993771	.9090909	4.145233	145	154997.3	1371	31095.96	5709	5.4468311	39.372414	.7497075	.8032572	.0775146	.8262842	.2414553	1.339494
3720	"3720"	1968	1	.9993771	.9090909	4.117967	108	149467	396	36498.6	3920	9.3108663	36.296296	.4532636	.7502508	.0775146	.8262842	.2414553	1.339494
3720	"3720"	1969	1	.9993771	.9090909	4.0898	98	275832.6	5877	62765.91	4388	14.30399	44.77551	.46521	1.077356	.0775146	.8262842	.2414553	1.339494
3720	"3720"	1970	1	.9993771	.9090909	4.553333	85	243360.2	997	61383.6	4887	12.56059	57.494118	.4990289	.9138462	.0775146	.8262842	.2414553	1.339494
3720	"3720"	1971	1	.9993771	.9090909	4.558733	88	361635.5	1522	106082.1	5468	19.40053	62.136364	.5695305	1.319573	.0775146	.8262842	.2414553	1.339494
3720	"3720"	1972	1	.9993771	.9090909	5.3816	105	385127.1	1649	98112.09	6500	15.094167	61.904762	.5818247	1.074388	.0775146	.8262842	.2414553	1.339494
3811	"3811"	1967	1	.9972561	.9454545	5.6051	282	21194.98	22	9562.72	3537	2.7036246	12.542553	.4644798	.24702	.484396	.1058598	1.065874	.2026893
3811	"3811"	1968	1	.9972561	.9454545	6.20505	276	27864.4	45	13440.67	4202	3.1986352	15.224638	.4858708	.2762811	.484396	.1058598	1.065874	.2026893
3811	"3811"	1969	1	.9972561	.9454545	6.35175	271	32038.42	99	14373.99	4508	3.1885518	16.634686	.4779322	.2467249	.484396	.1058598	1.065874	.2026893
3811	"3811"	1970	1	.9972561	.9454545	7.1665	266	29163.47	246	13856.14	4543	3.0499969	17.078947	.4639018	.2062827	.484396	.1058598	1.065874	.2026893
3811	"3811"	1971	1	.9972561	.9454545	7.22455	283	36472.86	44	17357.48	4951	3.5058537	17.4947	.5156814	.2159127	.484396	.1058598	1.065874	.2026893
3811	"3811"	1972	1	.9972561	.9454545	7.426	318	94680.85	384	38944.25	8584	4.5368417	26.993711	.7683666	.4264635	.484396	.1058598	1.065874	.2026893
38120	"38120"	1967	1	.9963407	.8235294	8.439	48	6375.163	79	2239.602	943	2.3749754	19.645833	.123835	.0578524	.4930237	.0038357	1.104189	.0080627
38120	"38120"	1968	1	.9963407	.8235294	9.0254	56	13262.57	15	4808.651	1615	2.9774929	28.839286	.18674	.0988447	.4930237	.0038357	1.104189	.0080627
38120	"38120"	1969	1	.9963407	.8235294	9.28	76	15323.28	71	4741.379	2129	2.2270453	28.013158	.2257138	.0813842	.4930237	.0038357	1.104189	.0080627
38120	"38120"	1970	1	.9963407	.8235294	10.3574	84	24301.47	102	8718.404	2391	3.6463422	28.464286	.2441535	.1297949	.4930237	.0038357	1.104189	.0080627
38120	"38120"	1971	1	.9963407	.8235294	10.6105	90	22449.46	19	11535.74	2229	5.1752995	24.766667	.232166	.1434951	.4930237	.0038357	1.104189	.0080627
38120	"38120"	1972	1	.9963407	.8235294	11.0452	122	32240.25	73	14304.86	2709	5.2804932	22.204918	.2424866	.156647	.4930237	.0038357	1.104189	.0080627
38130	"38130"	1967	1	.9831842	.85		204		74		2768		13.568627	.3634945		.5482613	.0245158	1.164487	.0756037
38130	"38130"	1968	1	.9831842	.85		233		183		4342		18.635193	.5020587		.5482613	.0245158	1.164487	.0756037
38130	"38130"	1969	1	.9831842	.85		238		286		4771		20.046218	.5058151		.5482613	.0245158	1.164487	.0756037
38130	"38130"	1970	1	.9831842	.85	13.472	268	31027.32	187	12782.07	4213	3.0339583	15.720149	.4302044	.1902926	.5482613	.0245158	1.164487	.0756037
38130	"38130"	1971	1	.9831842	.85	14.1297	274	37530.88	186	18167.41	5187	3.5024883	18.930657	.5402624	.2259875	.5482613	.0245158	1.164487	.0756037
38130	"38130"	1972	1	.9831842	.85	13.9456	233	41124.08	150	15417.05	4160	3.7060215	17.854077	.3723678	.1688262	.5482613	.0245158	1.164487	.0756037
3814	"3814"	1967	1	.9896477	.9210728	9.697001	874	122790.5	901	47932.35	21579	2.2212497	24.689931	2.83376	1.238168	.4415342	.1440194	.9186832	.2662083
3814	"3814"	1968	1	.9896477	.9210728	10.98265	930	128511.8	646	57472.46	23218	2.4753409	24.965591	2.684662	1.181381	.4415342	.1440194	.9186832	.2662083
3814	"3814"	1969	1	.9896477	.9210728	11.8119	980	150543.1	2032	57831.51	24323	2.3776472	24.819388	2.578692	.9926592	.4415342	.1440194	.9186832	.2662083
3814	"3814"	1970	1	.9896477	.9210728	14.47855	1068	207534.6	2207	82176.74	31830	2.5817385	29.803371	3.250274	1.223403	.4415342	.1440194	.9186832	.2662083
3814	"3814"	1971	1	.9896477	.9210728	15.0647	951	190717.4	2039	79815.73	31125	2.5643609	32.728707	3.241887	.9928416	.4415342	.1440194	.9186832	.2662083
3814	"3814"	1972	1	.9896477	.9210728	15.58705	1064	242945.3	1747	93090.1	32721	2.844965	30.75282	2.928905	1.019394	.4415342	.1440194	.9186832	.2662083
38194	"38194"	1967	1	.9933647	.9111111	7.4246	66	16068.21	103	5939.714	1855	3.2020021	28.106061	.2435991	.1534321	.4846444	.3920478	1.136348	.7102096
38194	"38194"	1968	1	.9933647	.9111111	8.3455	65	19567.43	116	8435.684	2385	3.5369744	36.692308	.2757739	.1734006	.4846444	.3920478	1.136348	.7102096
38194	"38194"	1969	1	.9933647	.9111111	8.402	75	30338.01	207	11259.22	2436	4.6220129	32.48	.2582615	.1932609	.4846444	.3920478	1.136348	.7102096
38194	"38194"	1970	1	.9933647	.9111111	8.4038	67	33591.95	108	13255.91	2855	4.6430501	42.61194	.2915342	.1973469	.4846444	.3920478	1.136348	.7102096
38194	"38194"	1971	1	.9933647	.9111111	8.4038	64	47883.1	433	19848.16	6738	2.9457055	105.28125	.7018099	.2468947	.4846444	.3920478	1.136348	.7102096
38194	"38194"	1972	1	.9933647	.9111111	8.4416	53	25244.03	65	8469.958	1795	4.7186398	33.867925	.1606731	.0927513	.4846444	.3920478	1.136348	.7102096
3821	"3821"	1967	1	.9961373	.9565217		113		92		3881		34.345133	.509654		.4204976	.0870985	.9239929	.1521408
3821	"3821"	1968	1	.9961373	.9565217		87		204		2375		27.298851	.2746176		.4204976	.0870985	.9239929	.1521408
3821	"3821"	1969	1	.9961373	.9565217		116		204		2642		22.775862	.2801014		.4204976	.0870985	.9239929	.1521408
3821	"3821"	1970	1	.9961373	.9565217	12.43905	112	14583.11	109	5715.871	1952	2.9282125	17.428571	.1993256	.0850948	.4204976	.0870985	.9239929	.1521408
3821	"3821"	1971	1	.9961373	.9565217	13.38425	84	21570.13	49	9742.794	1910	5.1009394	22.738095	.1989399	.1211923	.4204976	.0870985	.9239929	.1521408
3821	"3821"	1972	1	.9961373	.9565217	13.5683	74	9426.383	42	4989.571	1327	3.7600386	17.932432	.1187817	.0546389	.4204976	.0870985	.9239929	.1521408
3822	"3822"	1967	1	.9974563	.9818182	8.4274	161	19329.81	106	7345.089	2969	2.4739269	18.440994	.3898899	.1897351	.4398932	.0000505	.9535761	.0033102
3822	"3822"	1968	1	.9974563	.9818182	10.3185	163	16465.57	100	5514.368	2950	1.8692772	18.09816	.3411039	.1133512	.4398932	.0000505	.9535761	.0033102
3822	"3822"	1969	1	.9974563	.9818182	11.0489	171	21603.96	160	8199.912	3217	2.5489312	18.812865	.3410621	.1407488	.4398932	.0000505	.9535761	.0033102
3822	"3822"	1970	1	.9974563	.9818182	12.7299	178	28130.62	171	12128.92	4745	2.5561485	26.657303	.4845288	.1805689	.4398932	.0000505	.9535761	.0033102
3822	"3822"	1971	1	.9974563	.9818182	13.2919	186	41130.31	371	14061.2	3629	3.874675	19.510753	.3779858	.1749096	.4398932	.0000505	.9535761	.0033102
3822	"3822"	1972	1	.9974563	.9818182	13.9107	197	49896.84	630	14844.69	4467	3.3231896	22.675127	.3998478	.1625585	.4398932	.0000505	.9535761	.0033102
3823	"3823"	1967	1	1	1	8.76255	104	12028.46	139	5397.972	2197	2.456974	21.125	.2885107	.139438	.4428052	.0264239	.8562969	.0436087
3823	"3823"	1968	1	1	1	10.6628	125	11132.16	34	5289.417	2466	2.1449382	19.728	.2851398	.1087272	.4428052	.0264239	.8562969	.0436087
3823	"3823"	1969	1	1	1	11.2893	126	13658.95	335	5828.528	2638	2.2094496	20.936508	.2796773	.1000448	.4428052	.0264239	.8562969	.0436087
3823	"3823"	1970	1	1	1	13.22605	161	19877.44	213	8490.82	3493	2.4308101	21.695652	.3566826	.1264068	.4428052	.0264239	.8562969	.0436087
3823	"3823"	1971	1	1	1	13.73285	182	22282.34	181	9422.662	3771	2.498717	20.71978	.3927761	.1172101	.4428052	.0264239	.8562969	.0436087
3823	"3823"	1972	1	1	1	14.0266	184	28880.84	86	12568.98	4230	2.9713892	22.98913	.3786336	.137638	.4428052	.0264239	.8562969	.0436087
3825	"3825"	1967	1	1	1	55.695	49	2039.68	143	861.8368	2828	.30475134	57.714286	.3713737	.0222626	.5117227	.0047131	1.012795	.0194263
3825	"3825"	1968	1	1	1	59.9901	54	2490.411	84	1168.526	2808	.41614178	52	.3246847	.0240198	.5117227	.0047131	1.012795	.0194263
3825	"3825"	1969	1	1	1	70.3618	59	2354.971	160	1169.669	2251	.51962183	38.152542	.2386481	.020077	.5117227	.0047131	1.012795	.0194263
3825	"3825"	1970	1	1	1	70.9741	4	100.0365	2	81.71995	87	.93930981	21.75	.0088839	.0012166	.5117227	.0047131	1.012795	.0194263
3825	"3825"	1971	1	1	1	71.4404	4	547.3094	17	265.956	396	.67160596	99	.0412462	.0033083	.5117227	.0047131	1.012795	.0194263
3825	"3825"	1972	1	1	1	79.1667	12	2861.051	513	1453.894	2245	.64761429	187.08333	.2009533	.015921	.5117227	.0047131	1.012795	.0194263
38251	"38251"	1967	1	.9996214	.9878049	11.6215	49	9774.986	143	4130.276	2828	1.4604936	57.714286	.3713737	.1066915	.255542	.0027088	.6292223	.0065834
38251	"38251"	1968	1	.9996214	.9878049	13.8408	54	10794.17	84	5064.736	2808	1.8036809	52	.3246847	.1041087	.255542	.0027088	.6292223	.0065834
38251	"38251"	1969	1	.9996214	.9878049	15.0476	59	11011.72	160	5469.311	2251	2.4297249	38.152542	.2386481	.0938789	.255542	.0027088	.6292223	.0065834
38251	"38251"	1970	1	.9996214	.9878049	16.5579	28	7235.217	29	3979.973	1407	2.8286947	50.25	.1436738	.0592517	.255542	.0027088	.6292223	.0065834
38251	"38251"	1971	1	.9996214	.9878049	17.069	28	4095.143	31	1652.118	812	2.0346279	29	.0845755	.020551	.255542	.0027088	.6292223	.0065834
38251	"38251"	1972	1	.9996214	.9878049	17.5582	23	5809.251	46	2175.622	885	2.4583294	38.478261	.0792177	.0238244	.255542	.0027088	.6292223	.0065834
3826	"3826"	1967	1	.9996214	.9878049	80.3013	0	0		0	0	0	0	0	0	.3170666	.0066206	.7085996	.0140062
3826	"3826"	1968	1	.9996214	.9878049	91.1112	0	0		0	0	0	0	0	0	.3170666	.0066206	.7085996	.0140062
3826	"3826"	1969	1	.9996214	.9878049	90.8128	0	0		0	0	0	0	0	0	.3170666	.0066206	.7085996	.0140062
3826	"3826"	1970	1	.9996214	.9878049	90.8981	5	74.80904	0	29.70359	34	.87363502	6.8	.0034719	.0004422	.3170666	.0066206	.7085996	.0140062
3826	"3826"	1971	1	.9996214	.9878049	90.9639	3	198.98	60	62.66222	123	.50944896	41	.0128113	.0007795	.3170666	.0066206	.7085996	.0140062
3826	"3826"	1972	1	.9996214	.9878049	93.0575	0	0	0	0	0	0	0	0	0	.3170666	.0066206	.7085996	.0140062
3829	"3829"	1967	1	.9995408	.981082	80.3013	403	4444.511	319	1886.644	7350	.25668632	18.238213	.9652041	.048735	.3170666	.0066206	.7085996	.0140062
3829	"3829"	1968	1	.9995408	.981082	91.1112	336	5363.775	552	2820.729	7358	.3833554	21.89881	.8507942	.0579818	.3170666	.0066206	.7085996	.0140062
3829	"3829"	1969	1	.9995408	.981082	90.8128	338	6150.014	625	3035.916	7109	.42705243	21.032544	.7536868	.0521105	.3170666	.0066206	.7085996	.0140062
3829	"3829"	1970	1	.9995408	.981082	90.8981	309	17593.33	1020	7441.3	13685	.5437559	44.288026	1.397424	.1107821	.3170666	.0066206	.7085996	.0140062
3829	"3829"	1971	1	.9995408	.981082	90.9639	265	13011.76	478	5750.633	10194	.56411939	38.467925	1.061777	.0715331	.3170666	.0066206	.7085996	.0140062
3829	"3829"	1972	1	.9995408	.981082	93.0575	236	14261.07	695	6675.442	9085	.73477627	38.495763	.8132119	.0731002	.3170666	.0066206	.7085996	.0140062
38310	"38310"	1967	1	.9645854	.96	40.97947	116	9180.207	268	3118.635	4370	.71364641	37.672414	.5738696	.0805592	.4557431	.0926234	.9299924	.1403914
38310	"38310"	1968	1	.9645854	.96	44.29107	103	20859.74	360	6055.397	6904	.87708537	67.029126	.7982989	.1244724	.4557431	.0926234	.9299924	.1403914
38310	"38310"	1969	1	.9645854	.96	45.9188	138	19405.99	847	6988.423	6810	1.0262001	49.347826	.7219872	.119954	.4557431	.0926234	.9299924	.1403914
38310	"38310"	1970	1	.9645854	.96	48.78477	133	19983.7	1269	7797.516	7148	1.0908668	53.744361	.7299076	.1160852	.4557431	.0926234	.9299924	.1403914
38310	"38310"	1971	1	.9645854	.96	50.03817	104	15174.42	369	7594.203	6253	1.2144896	60.125	.6512938	.0944656	.4557431	.0926234	.9299924	.1403914
38310	"38310"	1972	1	.9645854	.96	52.3217	129	21234.02	637	9277.221	8325	1.1143809	64.534884	.7451832	.1015913	.4557431	.0926234	.9299924	.1403914
3832	"3832"	1967	1	.9991885	.9726027	228.4008	58	3278.448	557	722.8521	8434	.08570692	145.41379	1.107555	.0186724	.2575421	.1982785	.6107664	.3645777
3832	"3832"	1968	1	.9991885	.9726027	233.898	77	3728.12	666	1235.581	8904	.13876697	115.63636	1.029556	.0253981	.2575421	.1982785	.6107664	.3645777
3832	"3832"	1969	1	.9991885	.9726027	239.5548	116	7811.155	3191	3007.245	19401	.15500462	167.25	2.056868	.0516184	.2575421	.1982785	.6107664	.3645777
3832	"3832"	1970	1	.9991885	.9726027	197.4375	142	13573.41	2374	5669.135	17873	.31718989	125.8662	1.825075	.084399	.2575421	.1982785	.6107664	.3645777
3832	"3832"	1971	1	.9991885	.9726027	196.0843	143	17998.38	3736	7979.222	21881	.36466442	153.01399	2.27906	.0992549	.2575421	.1982785	.6107664	.3645777
3832	"3832"	1972	1	.9991885	.9726027	184.4844	160	38811.42	5694	15974.25	44094	.36227727	275.5875	3.94692	.1749279	.2575421	.1982785	.6107664	.3645777
3839	"3839"	1967	1	.998694	.9197967	11.86102	165	46808.8	463	15647.9	8214	1.9050279	49.781818	1.078665	.4042097	.3217666	.1170358	.600571	.1805352
3839	"3839"	1968	1	.998694	.9197967	12.98937	196	83937.89	951	33057.81	10659	3.1013987	54.382653	1.232484	.6795233	.3217666	.1170358	.600571	.1805352
3839	"3839"	1969	1	.998694	.9197967	13.44885	204	92513.49	864	32842.96	10243	3.2063807	50.210784	1.085949	.5637387	.3217666	.1170358	.600571	.1805352
3839	"3839"	1970	1	.998694	.9197967	14.45848	230	78908.69	425	31386.42	11027	2.8463242	47.943478	1.126006	.4672642	.3217666	.1170358	.600571	.1805352
3839	"3839"	1971	1	.998694	.9197967	14.84413	205	95525.95	943	41026.31	10907	3.7614659	53.204878	1.136041	.5103333	.3217666	.1170358	.600571	.1805352
3839	"3839"	1972	1	.998694	.9197967	15.278	260	194534.6	1355	61074.75	15800	3.8654904	60.769231	1.414282	.6688061	.3217666	.1170358	.600571	.1805352
38395	"38395"	1967	1	.9985534	.9041096	10.1296	31	3859.975	58	1342.6	856	1.5684579	27.612903	.1124102	.0346815	.367561	.1409066	.6607414	.2316052
38395	"38395"	1968	1	.9985534	.9041096	11.7088	38	4048.237	5	1972.875	1045	1.8879187	27.5	.1208317	.0405536	.367561	.1409066	.6607414	.2316052
38395	"38395"	1969	1	.9985534	.9041096	12.5055	40	4238.135	38	2143.057	1219	1.7580452	30.475	.1292368	.0367849	.367561	.1409066	.6607414	.2316052
38395	"38395"	1970	1	.9985534	.9041096	13.422	37	4403.219	98	2197.884	1243	1.7682092	33.594595	.1269271	.0327209	.367561	.1409066	.6607414	.2316052
38395	"38395"	1971	1	.9985534	.9041096	13.8789	32	4078.133	136	2010.246	773	2.6005768	24.15625	.0805134	.0250058	.367561	.1409066	.6607414	.2316052
38395	"38395"	1972	1	.9985534	.9041096	14.6047	43	8449.335	89	3724.828	1644	2.2657106	38.232558	.1471569	.0407892	.367561	.1409066	.6607414	.2316052
3841	"3841"	1967	1	1	1	21.4647	321	29010.42	792	11912.58	10720	1.1112483	33.395639	1.407753	.3077206	.3642403	0	.8522045	.053527
3841	"3841"	1968	1	1	1	23.1787	328	26218.04	799	11199.94	9512	1.1774535	29	1.099858	.2302215	.3642403	0	.8522045	.053527
3841	"3841"	1969	1	1	1	23.241	290	33113.89	506	17331.44	8471	2.0459734	29.210345	.8980842	.2974885	.3642403	0	.8522045	.053527
3841	"3841"	1970	1	1	1	26.5212	286	28991.9	283	14343.24	7762	1.8478797	27.13986	.7926053	.2135345	.3642403	0	.8522045	.053527
3841	"3841"	1971	1	1	1	28.4409	299	29436.48	1933	12928.56	7499	1.7240384	25.080268	.7810735	.1608206	.3642403	0	.8522045	.053527
3841	"3841"	1972	1	1	1	32.948	295	40594.27	723	20869.25	12124	1.721317	41.098305	1.085237	.2285311	.3642403	0	.8522045	.053527
38420	"38420"	1967	1	.9993432	.9333333	21.4647	20	53175.68	619	3321.733	5304	.62626938	265.2	.6965228	.0858056	.350698	.0001396	.9243622	.1009632
38420	"38420"	1968	1	.9993432	.9333333	23.1787	15	36952.03	131	4478.25	5166	.86686983	344.4	.5973366	.0920531	.350698	.0001396	.9243622	.1009632
38420	"38420"	1969	1	.9993432	.9333333	23.241	22	41809.73	236	6484.231	6108	1.0615964	277.63636	.6475621	.1112997	.350698	.0001396	.9243622	.1009632
38420	"38420"	1970	1	.9993432	.9333333	26.5212	35	28709.11	678	9075.758	7512	1.208168	214.62857	.767077	.135115	.350698	.0001396	.9243622	.1009632
38420	"38420"	1971	1	.9993432	.9333333	28.4409	15	26809.98	3267	9528.531	4163	2.2888616	277.53333	.4336056	.118527	.350698	.0001396	.9243622	.1009632
38420	"38420"	1972	1	.9993432	.9333333	32.948	20	36421.03	321	13815.71	3637	3.7986552	181.85	.3255533	.1512905	.350698	.0001396	.9243622	.1009632
3843	"3843"	1967	1	.9961754	.9047619	23.89335	155	46916.82	844	16720.13	9535	1.7535537	61.516129	1.252139	.4319072	.1457603	.5096858	.4782028	1.536793
3843	"3843"	1968	1	.9961754	.9047619	25.3062	144	112802.4	3549	35797.55	12791	2.7986515	88.826389	1.479004	.7358404	.1457603	.5096858	.4782028	1.536793
3843	"3843"	1969	1	.9961754	.9047619	25.27675	206	209010.3	3539	77225.12	18551	4.1628549	90.053398	1.966753	1.325544	.1457603	.5096858	.4782028	1.536793
3843	"3843"	1970	1	.9961754	.9047619	30.4395	424	167171	2999	66489.27	23300	2.8536167	54.95283	2.379246	.9898566	.1457603	.5096858	.4782028	1.536793
3843	"3843"	1971	1	.9961754	.9047619	31.9954	438	179216.4	2544	70685.16	23472	3.0114674	53.589041	2.444773	.8792649	.1457603	.5096858	.4782028	1.536793
3843	"3843"	1972	1	.9961754	.9047619	34.64915	366	163380.6	3885	63346.43	21775	2.9091357	59.494536	1.949113	.6936824	.1457603	.5096858	.4782028	1.536793
38440	"38440"	1967	1	.9996985	.9473684	15.2849	89	5417.111	36	2106.654	2123	.99230067	23.853933	.2787929	.0544182	.3781387	.005244	.8970433	.0142815
38440	"38440"	1968	1	.9996985	.9473684	16.6804	82	5047.84	45	2242.152	2382	.94128982	29.04878	.275427	.0460888	.3781387	.005244	.8970433	.0142815
38440	"38440"	1969	1	.9996985	.9473684	16.7643	76	5261.18	136	2034.084	1844	1.1030827	24.263158	.1954985	.0349144	.3781387	.005244	.8970433	.0142815
38440	"38440"	1970	1	.9996985	.9473684	16.9112	100	57376.18	397	17923.03	4214	4.2532116	42.14	.4303065	.2668285	.3781387	.005244	.8970433	.0142815
38440	"38440"	1971	1	.9996985	.9473684	17.5223	86	9479.349	92	3795.164	2175	1.7449029	25.290698	.2265415	.0472087	.3781387	.005244	.8970433	.0142815
38440	"38440"	1972	1	.9996985	.9473684	19.8008	82	13681.27	118	5560.381	2597	2.1410787	31.670732	.2324613	.0608896	.3781387	.005244	.8970433	.0142815
38450	"38450"	1967	1	.9996985	.9473684	15.2849	0	0		0	0	0	0	0	0	.292144	.0004162	.7294064	.009391
38450	"38450"	1968	1	.9996985	.9473684	16.6804	0	0		0	0	0	0	0	0	.292144	.0004162	.7294064	.009391
38450	"38450"	1969	1	.9996985	.9473684	16.7643	0	0		0	0	0	0	0	0	.292144	.0004162	.7294064	.009391
38450	"38450"	1970	1	.9996985	.9473684	16.9112	0	0	0	0	0	0	0	0	0	.292144	.0004162	.7294064	.009391
38450	"38450"	1971	1	.9996985	.9473684	17.5223	0	0	0	0	0	0	0	0	0	.292144	.0004162	.7294064	.009391
38450	"38450"	1972	1	.9996985	.9473684	19.8008	0	0	0	0	0	0	0	0	0	.292144	.0004162	.7294064	.009391
3849	"3849"	1967	1	.9907236	.8823529	15.2849	63	1498.211	3	595.3588	666	.89393218	10.571429	.0874593	.015379	.292144	.0004162	.7294064	.009391
3849	"3849"	1968	1	.9907236	.8823529	16.6804	47	923.2392	0	341.7184	385	.88758028	8.1914894	.044517	.0070242	.292144	.0004162	.7294064	.009391
3849	"3849"	1969	1	.9907236	.8823529	16.7643	44	996.1645	11	429.4841	347	1.2377063	7.8863636	.0367885	.007372	.292144	.0004162	.7294064	.009391
3849	"3849"	1970	1	.9907236	.8823529	16.9112	46	1277.26	7	502.6255	355	1.4158465	7.7173913	.0362503	.0074828	.292144	.0004162	.7294064	.009391
3849	"3849"	1971	1	.9907236	.8823529	17.5223	52	1752.053	1	810.3959	449	1.8048906	8.6346154	.0467665	.0100807	.292144	.0004162	.7294064	.009391
3849	"3849"	1972	1	.9907236	.8823529	19.8008	41	2020.12	3	707.0421	447	1.5817497	10.902439	.0400116	.0077425	.292144	.0004162	.7294064	.009391
3852	"3852"	1967	1	.9996575	.9333333	78.0454	22	301.1068	199	123.0053	636	.1934046	28.909091	.0835197	.0031774	.1806927	.0030776	.4893311	.0058508
3852	"3852"	1968	1	.9996575	.9333333	83.8218	21	387.7273	4	181.3371	821	.22087342	39.095238	.094931	.0037275	.1806927	.0030776	.4893311	.0058508
3852	"3852"	1969	1	.9996575	.9333333	84.9771	24	704.8958	266	295.3737	1350	.21879534	56.25	.1431252	.00507	.1806927	.0030776	.4893311	.0058508
3852	"3852"	1970	1	.9996575	.9333333	86.805	22	1209.608	41	558.7236	1631	.34256504	74.136364	.1665472	.008318	.1806927	.0030776	.4893311	.0058508
3852	"3852"	1971	1	.9996575	.9333333	88.967	23	1345.443	0	512.5496	1735	.29541763	75.434783	.1807124	.0063757	.1806927	.0030776	.4893311	.0058508
3852	"3852"	1972	1	.9996575	.9333333	93.9706	22	1981.471	272	1162.066	2196	.52917378	99.818182	.1965672	.0127253	.1806927	.0030776	.4893311	.0058508
38530	"38530"	1967	1	.9987417	.9285714	12.5534	16	5982.443	128	2421.655	1211	1.9997149	75.6875	.1590289	.0625551	.0919955	.0040641	.3936087	.0123816
38530	"38530"	1968	1	.9987417	.9285714	13.0687	18	16979.5	30	6611.216	1518	4.3552149	84.333333	.175524	.1358976	.0919955	.0040641	.3936087	.0123816
38530	"38530"	1969	1	.9987417	.9285714	13.4894	23	14218.57	79	5456.136	1628	3.3514349	70.782609	.1725984	.0936528	.0919955	.0040641	.3936087	.0123816
38530	"38530"	1970	1	.9987417	.9285714	14.4047	31	16230.81	259	5657.875	2135	2.6500588	68.870968	.2180124	.0842314	.0919955	.0040641	.3936087	.0123816
38530	"38530"	1971	1	.9987417	.9285714	15.0331	35	21339.58	210	8241.813	2362	3.4893366	67.485714	.2460189	.1025213	.0919955	.0040641	.3936087	.0123816
38530	"38530"	1972	1	.9987417	.9285714	16.6388	45	39251.63	79	15974.71	3898	4.0981811	86.622222	.3489158	.1749329	.0919955	.0040641	.3936087	.0123816
3901	"3901"	1967	0	.0185148	.25	12.5534	17	2230.471	3	621.3456	181	3.4328487	10.647059	.023769	.0160503	.507591	.0027691	.6189076	.005757
3901	"3901"	1968	0	.0185148	.25	13.0687	20	4001.928	0	1377.337	207	6.6538005	10.35	.0239351	.028312	.507591	.0027691	.6189076	.005757
3901	"3901"	1969	0	.0185148	.25	13.4894	8	1838.481	2	704.2567	236	2.9841385	29.5	.0250204	.0120883	.507591	.0027691	.6189076	.005757
3901	"3901"	1970	0	.0185148	.25	14.4047	13	1089.922	8	381.8198	178	2.1450551	13.692308	.0181762	.0056843	.507591	.0027691	.6189076	.005757
3901	"3901"	1971	0	.0185148	.25	15.0331	24	3512.25	1	1556.565	215	7.239838	8.9583333	.0223938	.0193624	.507591	.0027691	.6189076	.005757
3901	"3901"	1972	0	.0185148	.25	16.6388	23	3137.246	12	1502.512	433	3.4700052	18.826087	.0387585	.0164534	.507591	.0027691	.6189076	.005757
39020	"39020"	1967	0	0	0	12.5534	22	4604.33	73	1943.697	1212	1.60371	55.090909	.1591602	.0502087	.160669	0	.3970137	.0013967
39020	"39020"	1968	0	0	0	13.0687	24	7690.13	121	3565.772	1853	1.9243236	77.208333	.2142595	.0732966	.160669	0	.3970137	.0013967
39020	"39020"	1969	0	0	0	13.4894	35	13566.21	135	6812.757	2780	2.4506319	79.428571	.2947319	.1169388	.160669	0	.3970137	.0013967
39020	"39020"	1970	0	0	0	14.4047	38	17188.83	353	9712.108	2735	3.5510449	71.973684	.2792805	.1445887	.160669	0	.3970137	.0013967
39020	"39020"	1971	0	0	0	15.0331	34	15066.75	135	9911.462	3054	3.2454034	89.823529	.3180955	.1232904	.160669	0	.3970137	.0013967
39020	"39020"	1972	0	0	0	16.6388	30	15578.05	124	8979.013	2677	3.3541326	89.233333	.2396223	.0983257	.160669	0	.3970137	.0013967
3903	"3903"	1967	0	.0022495	.1904762		62		30		1651		26.629032	.2168098		.0995988	0	.2805077	.0012534
3903	"3903"	1968	0	.0022495	.1904762		62		22		1493		24.080645	.1726333		.0995988	0	.2805077	.0012534
3903	"3903"	1969	0	.0022495	.1904762		105		213		2410		22.952381	.255505		.0995988	0	.2805077	.0012534
3903	"3903"	1970	0	.0022495	.1904762	8.4272	63	23091.89	116	7546.99	1635	4.6158963	25.952381	.1669556	.1123556	.0995988	0	.2805077	.0012534
3903	"3903"	1971	0	.0022495	.1904762	8.5955	59	11517.65	72	5467.977	1521	3.5949885	25.779661	.1584228	.0680171	.0995988	0	.2805077	.0012534
3903	"3903"	1972	0	.0022495	.1904762	12.1354	86	18054.62	84	7655.29	3120	2.4536185	36.27907	.2792759	.0838301	.0995988	0	.2805077	.0012534
3904	"3904"	1967	0	.0089887	.0909091	16.5919	479	48053.57	471	14959.11	23246	.64351315	48.530271	3.052671	.3864171	.366475	.0370999	.7309424	.0969957
3904	"3904"	1968	0	.0089887	.0909091	16.6503	479	77001.62	467	30509.96	29592	1.0310206	61.778706	3.421677	.6271508	.366475	.0370999	.7309424	.0969957
3904	"3904"	1969	0	.0089887	.0909091	17.9483	583	107096.5	1551	50188.6	43454	1.1549823	74.535163	4.606936	.861471	.366475	.0370999	.7309424	.0969957
3904	"3904"	1970	0	.0089887	.0909091	18.9105	461	145363.7	3015	72393.65	43679	1.6574016	94.748373	4.460217	1.077758	.366475	.0370999	.7309424	.0969957
3904	"3904"	1971	0	.0089887	.0909091	19.7125	439	139769.2	1474	70929.61	37730	1.8799262	85.94533	3.929844	.8823057	.366475	.0370999	.7309424	.0969957
3904	"3904"	1972	0	.0089887	.0909091	21.5074	553	175600	1402	79196	60062	1.3185707	108.61121	5.376239	.867245	.366475	.0370999	.7309424	.0969957
